Student_ID,Gender,Age,Attendance_Percentage,CGPA,Internal_Marks,External_Marks,Backlogs,Study_Hours_Per_Week,Internship_Experience,Projects_Completed,Communication_Skills_Score,Aptitude_Test_Score,Graduation_Status,Placement_Status
STU0001,Male,25,71.9,7.72,57.4,65.2,5,29.0,1,4,6.4,55.8,1,1
STU0002,Female,20,62.2,5.14,70.4,70.9,1,9.8,0,0,8.3,45.7,0,0
STU0003,Female,25,66.3,8.3,57.6,39.6,0,18.2,1,3,10.0,62.2,1,1
STU0004,Female,22,83.8,8.33,34.9,29.2,5,10.6,0,1,3.7,71.1,1,0
STU0005,Male,18,100.0,5.86,48.8,65.3,1,21.2,1,4,6.3,81.7,1,1
STU0006,Male,24,80.9,7.06,57.0,57.5,5,7.4,0,4,4.1,33.2,0,0
STU0007,Male,22,57.1,8.02,48.2,51.9,4,17.9,1,3,9.7,55.6,0,1
STU0008,Female,23,81.7,6.69,51.7,57.0,0,9.8,0,3,5.3,68.0,1,1
STU0009,Female,23,92.9,8.61,53.6,55.8,0,13.8,0,0,3.6,70.6,1,0
STU0010,Female,25,65.9,10.0,53.8,73.1,0,8.8,1,5,7.8,60.1,1,1
STU0011,Male,26,73.0,5.82,55.8,73.3,0,19.9,0,4,10.0,69.8,1,1
STU0012,Female,19,75.2,4.93,39.1,59.8,3,10.0,1,4,7.8,,0,1
STU0013,Female,26,63.2,7.46,44.2,65.2,0,18.3,1,3,6.9,88.0,1,1
STU0014,Male,26,84.7,8.08,35.7,59.3,0,12.9,1,2,7.3,,1,1
STU0015,Male,24,73.2,6.65,69.7,41.7,3,14.3,0,4,9.3,35.8,1,1
STU0016,Male,18,81.3,9.18,23.4,63.6,0,15.9,1,1,4.8,40.6,1,1
STU0017,Male,24,61.7,4.99,72.3,24.9,0,10.4,1,2,6.3,41.2,1,1
STU0018,Male,22,68.4,8.04,75.8,69.0,0,16.3,0,0,5.6,72.2,1,0
STU0019,Male,23,85.8,6.09,50.5,28.5,1,24.2,0,4,4.2,36.9,1,1
STU0020,Male,24,69.4,9.58,16.0,55.1,0,10.3,0,1,5.8,54.0,0,1
STU0021,Female,22,100.0,9.99,49.6,34.8,0,22.0,1,1,8.7,68.2,1,1
STU0022,Male,24,69.0,5.85,54.0,60.0,0,24.0,0,2,7.6,58.8,0,0
STU0023,Male,26,78.4,6.18,39.8,49.4,1,10.1,1,3,7.8,64.7,1,1
STU0024,Male,20,89.0,8.29,47.3,21.3,0,6.3,0,3,6.8,40.8,1,0
STU0025,Male,25,53.7,6.42,78.0,57.6,0,16.8,0,1,7.5,70.7,1,0
STU0026,Female,19,48.6,6.93,65.0,39.6,2,11.7,1,0,4.9,49.0,1,1
STU0027,Male,24,52.1,7.04,41.1,65.9,0,26.2,1,3,5.9,54.2,1,1
STU0028,Male,19,93.9,4.12,31.0,50.0,2,15.2,1,5,6.9,64.3,0,1
STU0029,Female,21,66.7,6.98,,57.1,0,10.2,1,4,7.1,61.9,1,1
STU0030,Male,24,100.0,5.97,51.8,32.8,5,8.1,1,2,7.1,60.4,0,0
STU0031,Female,20,66.5,6.26,62.4,39.4,1,21.5,0,4,6.2,46.5,1,1
STU0032,Male,19,77.8,9.17,47.0,41.7,3,11.6,0,2,,54.6,1,0
STU0033,Male,24,98.1,5.12,62.7,65.4,4,15.3,1,2,10.0,60.0,0,1
STU0034,Female,18,100.0,8.22,84.0,80.2,1,20.7,1,2,,35.2,1,1
STU0035,Female,25,100.0,6.58,67.2,35.5,4,12.1,1,2,7.3,51.7,0,1
STU0036,Female,20,93.1,6.58,54.3,69.4,0,14.7,0,3,6.0,67.0,1,1
STU0037,Male,19,,8.19,52.3,10.9,1,14.9,0,2,5.6,37.0,1,0
STU0038,Male,20,83.9,7.51,49.6,28.5,3,19.1,0,2,6.2,80.8,1,1
STU0039,Female,22,86.7,7.86,72.7,32.7,4,18.5,1,1,7.1,82.9,1,1
STU0040,Male,25,66.7,8.45,45.6,25.7,0,13.7,1,0,2.7,37.6,1,1
STU0041,Male,24,62.7,6.5,55.7,21.5,0,15.4,1,2,3.4,84.4,1,1
STU0042,Male,24,74.9,6.08,55.8,57.4,1,12.8,0,1,5.2,57.4,0,0
STU0043,Male,24,72.4,5.37,47.5,46.1,0,6.1,1,1,6.9,67.5,1,1
STU0044,Female,25,68.2,5.76,34.4,56.8,0,16.5,1,3,6.0,51.1,0,1
STU0045,Male,18,85.4,10.0,59.8,62.4,3,26.4,0,3,9.5,76.6,1,0
STU0046,Female,21,89.3,8.87,54.1,54.8,4,9.7,1,3,3.5,67.3,0,1
STU0047,Male,23,76.3,4.97,62.5,61.8,4,10.4,0,2,5.0,45.3,1,0
STU0048,Male,26,97.2,5.02,47.0,48.7,0,9.8,0,4,9.5,39.0,1,1
STU0049,Male,19,57.9,7.72,73.3,28.6,4,19.3,1,4,6.8,33.7,0,1
STU0050,Male,18,72.1,7.82,41.8,69.0,2,17.7,1,4,8.3,63.4,1,1
STU0051,Female,19,64.2,7.82,80.7,39.4,1,14.0,0,3,10.0,70.3,1,1
STU0052,Female,24,47.0,6.62,28.8,33.2,2,9.5,1,2,5.1,71.7,0,1
STU0053,Female,20,73.8,6.81,61.5,46.8,4,15.6,0,5,6.3,57.9,0,1
STU0054,Female,19,73.2,7.49,62.1,33.6,3,5.6,1,1,6.0,39.2,0,0
STU0055,Female,24,97.7,7.13,43.1,42.5,1,15.9,1,1,2.6,47.7,1,1
STU0056,Female,19,84.5,3.67,61.4,56.2,0,20.2,1,2,5.9,80.7,1,0
STU0057,Male,20,59.6,6.66,74.2,56.3,0,7.5,1,0,8.3,51.3,1,1
STU0058,Male,24,100.0,5.72,21.7,33.8,1,5.8,0,5,7.6,62.6,1,1
STU0059,Male,21,93.3,7.26,62.5,41.2,0,24.5,0,2,7.7,40.6,1,0
STU0060,Male,18,83.7,10.0,17.6,69.3,1,11.3,1,2,5.7,66.1,1,1
STU0061,Male,22,71.6,7.55,40.5,58.9,1,21.8,0,3,5.2,51.8,1,0
STU0062,Male,26,60.6,6.53,79.4,87.4,0,14.1,1,2,9.0,78.8,1,1
STU0063,Female,25,69.4,8.38,46.3,71.2,0,14.0,0,0,5.5,73.9,1,1
STU0064,Male,26,91.3,7.72,37.4,70.6,4,17.6,0,3,7.1,51.1,1,1
STU0065,Male,26,100.0,7.63,52.0,25.0,0,9.7,0,3,6.8,57.7,1,1
STU0066,Male,24,98.1,7.91,86.0,63.7,0,15.8,1,2,9.4,50.1,1,1
STU0067,Male,21,67.7,10.0,27.5,49.0,5,12.7,0,3,8.4,34.5,1,0
STU0068,Female,22,58.2,5.3,39.2,40.1,0,7.1,1,1,3.9,44.6,1,1
STU0069,Male,18,77.1,7.71,77.5,53.0,2,17.0,0,1,4.1,63.6,1,0
STU0070,Female,18,48.5,5.61,82.9,67.0,0,13.4,0,1,7.7,65.9,1,0
STU0071,Female,20,79.8,7.83,53.4,59.0,4,14.1,1,2,6.4,62.7,1,1
STU0072,Male,25,72.8,5.62,36.4,34.2,0,7.7,1,4,5.6,54.6,1,1
STU0073,Male,19,68.0,6.37,86.4,63.4,1,24.5,1,4,8.5,76.8,0,1
STU0074,Female,21,51.1,6.56,78.9,38.5,2,20.3,1,2,6.9,61.1,1,0
STU0075,Female,19,82.7,8.46,65.2,53.9,0,20.8,0,2,6.6,72.7,1,1
STU0076,Female,22,67.0,8.38,42.8,44.5,4,13.2,0,3,8.1,28.1,1,0
STU0077,Female,26,57.5,5.13,54.3,46.1,3,4.6,1,1,5.7,10.0,0,0
STU0078,Male,18,31.9,7.08,52.6,63.8,0,26.7,0,1,9.6,65.1,1,1
STU0079,Male,22,74.6,5.94,60.0,31.3,1,14.6,1,5,4.9,34.4,1,1
STU0080,Male,26,100.0,5.11,76.8,85.0,2,10.5,1,3,7.8,56.2,1,1
STU0081,Female,18,99.9,6.67,68.2,17.2,0,17.5,0,5,9.4,54.6,1,1
STU0082,Female,26,68.1,6.54,38.8,39.2,1,22.0,1,2,3.7,88.6,1,1
STU0083,Male,25,66.0,10.0,75.6,56.7,0,14.9,0,3,5.8,67.2,1,0
STU0084,Male,21,82.0,7.65,59.7,60.5,4,22.7,0,1,8.8,63.0,1,0
STU0085,Male,22,60.0,4.93,65.3,48.2,5,21.5,0,1,8.8,75.1,0,0
STU0086,Male,22,79.5,6.15,77.0,49.0,4,8.5,1,2,6.2,66.6,0,0
STU0087,Female,23,86.5,8.53,38.3,57.4,2,11.0,0,2,5.0,51.8,1,0
STU0088,Female,24,93.4,10.0,54.5,45.8,5,20.7,1,1,8.4,79.3,0,1
STU0089,Female,25,73.5,4.62,47.0,75.1,0,1.0,1,1,8.9,40.0,0,0
STU0090,Male,25,71.9,4.18,31.5,65.1,2,14.1,1,0,4.2,65.8,1,0
STU0091,Male,19,61.8,9.81,60.2,65.7,2,6.4,1,3,4.1,32.1,1,0
STU0092,Female,26,62.6,7.58,92.7,32.6,1,12.1,1,2,7.0,63.7,1,1
STU0093,Female,24,71.6,5.7,27.4,48.6,4,13.2,0,0,7.8,63.5,0,0
STU0094,Female,21,80.5,7.8,54.5,44.6,0,12.9,1,1,5.9,90.2,1,1
STU0095,Female,21,88.7,3.05,64.6,31.9,0,11.7,1,1,7.9,31.8,0,1
STU0096,Male,25,63.0,7.01,56.8,56.5,0,8.4,1,3,5.1,49.2,1,1
STU0097,Male,21,97.4,7.49,53.3,40.3,1,28.8,1,0,2.3,74.8,1,0
STU0098,Male,23,70.9,8.39,35.5,61.8,0,26.2,1,3,5.7,66.0,1,1
STU0099,Male,22,74.7,5.48,58.5,30.7,0,8.0,1,0,6.6,63.2,1,1
STU0100,Male,20,63.8,7.13,43.6,80.9,0,24.5,1,1,5.9,42.8,1,1
STU0101,Male,19,38.6,5.61,22.2,33.9,0,12.6,1,4,4.2,49.4,1,1
STU0102,Female,26,88.3,7.38,72.9,53.9,4,15.8,1,3,2.9,82.4,1,1
STU0103,Male,26,86.1,5.66,69.4,64.3,3,14.6,0,0,5.5,59.1,0,0
STU0104,Male,18,70.8,6.39,55.8,39.7,2,11.0,1,4,8.3,66.8,0,1
STU0105,Female,20,76.0,5.51,58.4,65.3,0,20.9,0,2,9.0,57.9,1,1
STU0106,Male,25,82.7,7.98,71.1,27.9,0,15.8,1,4,8.9,38.7,1,1
STU0107,Male,23,51.6,8.29,58.4,76.1,3,12.1,1,3,4.9,76.8,0,1
STU0108,Female,22,67.1,6.65,68.6,50.3,0,7.2,1,3,4.2,69.1,1,1
STU0109,Male,22,86.9,7.06,50.5,39.3,0,9.6,0,5,7.5,100.0,1,1
STU0110,Male,23,56.2,4.83,74.7,44.6,4,5.2,1,1,7.8,41.7,0,0
STU0111,Male,24,79.4,6.55,59.8,64.6,5,15.1,1,3,7.3,74.8,1,1
STU0112,Male,18,54.7,6.92,57.9,39.5,0,7.8,0,2,2.5,36.4,1,0
STU0113,Female,26,82.0,10.0,35.9,36.5,0,13.4,1,0,4.8,62.8,1,1
STU0114,Female,20,74.5,5.33,59.3,46.0,4,23.2,1,0,6.4,77.6,0,1
STU0115,Female,21,50.8,9.2,42.5,28.8,0,22.2,1,1,7.5,22.7,1,1
STU0116,Female,18,92.5,8.5,45.4,82.8,1,14.8,0,3,8.0,56.3,1,1
STU0117,Female,20,64.0,7.42,42.8,39.8,0,14.5,1,2,6.8,49.9,1,1
STU0118,Male,19,62.8,9.64,39.0,65.0,4,26.3,1,2,7.2,47.4,1,0
STU0119,Female,19,78.0,7.56,86.9,53.8,1,18.1,0,0,,66.9,1,0
STU0120,Male,18,92.2,7.58,75.0,32.3,4,13.0,0,2,7.9,80.2,1,1
STU0121,Female,25,59.8,6.92,83.8,49.9,4,6.4,1,4,7.1,57.6,0,1
STU0122,Female,20,75.9,8.84,36.7,64.1,0,17.4,1,2,6.6,,1,1
STU0123,Male,20,81.4,8.64,56.1,46.6,4,20.0,1,3,6.0,62.1,1,1
STU0124,Male,23,85.4,6.06,35.6,71.5,0,11.2,0,3,6.7,60.0,1,1
STU0125,Male,25,77.6,5.02,44.6,68.4,0,16.7,0,3,7.5,40.4,1,0
STU0126,Male,26,69.5,6.7,41.2,66.5,0,12.8,0,2,7.0,80.0,1,1
STU0127,Female,26,62.6,5.8,73.6,41.7,0,13.9,0,4,7.3,65.3,1,0
STU0128,Female,21,76.3,6.9,49.1,30.6,0,1.0,1,2,9.2,67.1,1,1
STU0129,Male,22,58.9,8.86,71.0,39.0,4,13.7,1,4,7.0,45.5,0,1
STU0130,Male,19,31.2,6.31,64.1,53.5,3,20.8,1,1,5.2,51.7,0,1
STU0131,Male,26,81.5,6.94,89.6,59.8,1,11.2,0,1,8.3,56.8,1,0
STU0132,Male,25,88.6,7.09,32.8,10.9,1,15.3,1,0,3.8,32.4,1,1
STU0133,Male,20,39.6,8.27,73.9,49.9,4,10.5,0,3,4.3,29.6,0,1
STU0134,Male,26,59.9,3.63,72.2,52.8,0,17.2,0,2,7.2,49.2,1,0
STU0135,Female,20,84.3,6.09,40.4,45.0,0,13.7,1,1,7.5,69.4,1,1
STU0136,Male,26,100.0,7.32,70.1,73.2,2,9.4,1,1,4.0,48.2,1,1
STU0137,Male,19,75.3,8.8,60.0,57.6,4,23.0,1,4,5.7,41.7,1,1
STU0138,Female,26,64.1,6.26,51.6,73.6,1,20.6,0,4,5.3,45.3,1,0
STU0139,Male,25,72.3,4.19,42.6,46.1,0,11.4,1,2,5.5,51.8,0,1
STU0140,Female,26,95.6,7.93,44.2,66.9,0,18.0,1,3,8.4,53.6,1,1
STU0141,Female,22,65.3,6.05,85.7,79.4,0,18.2,1,2,7.9,99.0,1,1
STU0142,Male,19,63.0,5.22,55.0,73.6,0,18.9,0,2,6.5,79.0,1,0
STU0143,Male,25,67.8,6.06,66.7,30.3,5,4.8,1,4,5.4,78.4,0,1
STU0144,Male,23,60.7,6.72,43.1,45.4,5,21.0,1,1,3.8,81.0,0,1
STU0145,Male,25,76.8,6.09,43.3,43.8,4,11.6,1,2,9.3,42.0,0,1
STU0146,Male,22,,3.69,71.2,58.8,5,12.9,0,2,7.7,38.0,0,0
STU0147,Female,19,79.8,8.35,34.8,62.4,3,30.8,0,2,5.1,40.1,0,0
STU0148,Male,23,71.2,8.91,48.8,34.9,2,16.8,0,2,7.9,84.0,1,0
STU0149,Male,22,70.6,7.98,55.5,51.2,0,12.7,0,2,6.4,50.2,1,1
STU0150,Male,22,51.6,5.29,56.7,13.6,3,1.8,1,1,,,0,0
STU0151,Female,18,88.2,6.7,52.3,76.0,0,23.3,0,2,7.4,52.2,1,1
STU0152,Male,19,73.8,6.99,60.9,40.8,0,6.9,0,1,5.0,55.7,1,0
STU0153,Male,25,72.3,7.9,65.4,51.0,5,9.0,0,1,5.8,64.8,1,0
STU0154,Male,20,100.0,8.0,66.0,44.4,0,13.0,0,0,6.7,64.5,1,0
STU0155,Female,20,79.5,5.9,40.2,70.6,2,23.5,0,3,5.5,45.1,1,0
STU0156,Male,25,63.7,7.12,50.7,5.0,0,19.6,1,2,7.8,72.3,1,1
STU0157,Female,25,68.6,7.69,72.9,49.7,3,14.1,1,3,10.0,48.5,0,1
STU0158,Female,19,92.2,9.18,68.4,48.1,2,16.8,0,3,5.0,57.2,1,1
STU0159,Male,25,76.7,8.06,34.4,41.8,0,11.4,0,3,3.2,72.4,1,1
STU0160,Female,18,53.4,8.18,60.3,81.1,1,15.8,0,2,2.5,48.4,1,0
STU0161,Male,23,88.8,7.13,25.3,34.0,5,15.4,0,2,6.2,49.8,0,0
STU0162,Female,25,65.0,9.12,55.7,63.9,0,20.8,1,2,5.2,70.7,1,0
STU0163,Female,20,100.0,7.61,83.5,56.4,0,20.8,1,3,6.9,44.6,1,1
STU0164,Male,25,91.2,5.71,40.8,72.7,0,18.0,1,2,6.8,,1,1
STU0165,Male,18,68.3,9.11,42.5,38.0,0,12.8,1,4,3.3,70.0,1,1
STU0166,Female,26,94.2,8.05,66.5,36.8,5,19.5,0,4,2.9,97.0,1,0
STU0167,Male,26,76.0,6.34,31.9,69.7,0,14.4,1,1,7.1,70.9,1,1
STU0168,Male,22,87.8,6.28,45.5,57.7,2,8.5,1,1,6.8,68.5,0,0
STU0169,Male,21,82.3,7.44,63.9,22.2,2,12.6,1,3,5.6,,1,1
STU0170,Female,23,62.3,7.69,45.5,40.3,0,15.5,0,2,3.2,40.7,1,1
STU0171,Female,24,65.3,7.3,51.5,57.0,0,20.5,1,0,7.4,62.1,1,1
STU0172,Male,22,90.4,7.47,66.2,65.1,0,13.9,1,4,9.0,59.5,1,1
STU0173,Male,26,70.0,9.55,61.3,37.8,3,7.7,1,1,7.1,65.8,1,1
STU0174,Male,20,68.9,8.61,59.0,5.0,3,15.3,0,4,4.8,62.1,1,0
STU0175,Female,24,60.7,7.29,49.9,59.4,1,15.7,1,3,6.6,66.8,1,1
STU0176,Male,22,81.4,8.41,60.6,28.0,5,16.1,1,3,3.8,54.4,1,1
STU0177,Female,24,100.0,5.45,53.1,13.7,4,20.5,1,1,8.6,61.1,1,1
STU0178,Male,19,59.0,7.6,61.9,5.0,4,21.1,1,1,6.7,37.9,1,0
STU0179,Female,21,75.4,9.71,47.5,64.7,0,11.4,1,2,3.0,54.2,1,1
STU0180,Male,19,96.2,6.67,52.3,52.3,0,11.3,0,1,5.9,85.0,1,0
STU0181,Male,24,73.8,5.73,40.2,45.9,0,8.8,1,2,7.4,65.7,1,1
STU0182,Male,19,81.8,6.02,54.5,75.0,5,19.2,1,2,5.8,59.6,0,0
STU0183,Female,18,59.1,5.37,42.8,61.5,1,23.7,1,1,5.9,94.1,1,1
STU0184,Female,26,81.4,5.82,38.3,79.1,0,13.1,0,1,4.1,35.5,1,0
STU0185,Male,18,72.2,6.44,58.9,24.9,1,13.6,1,3,7.6,40.0,0,1
STU0186,Female,25,89.8,4.89,58.2,49.4,2,23.8,1,1,5.2,90.8,0,1
STU0187,Female,19,92.8,7.02,66.7,20.9,0,18.0,1,0,2.2,60.8,1,1
STU0188,Female,25,100.0,8.35,48.5,45.9,1,17.6,1,3,5.8,55.6,1,1
STU0189,Male,20,83.7,5.64,61.1,45.5,3,7.9,1,5,8.5,38.4,0,1
STU0190,Male,23,79.9,9.28,63.3,61.3,1,19.1,1,2,5.7,68.1,1,1
STU0191,Male,20,77.9,7.77,61.7,50.8,2,9.4,0,1,10.0,69.8,1,1
STU0192,Female,24,69.7,8.55,42.6,61.2,5,8.2,0,2,7.4,40.3,1,0
STU0193,Female,26,80.1,6.01,57.2,62.7,1,12.9,0,4,7.2,57.5,1,0
STU0194,Female,19,70.6,8.28,60.5,88.8,0,11.5,0,3,6.2,54.0,1,0
STU0195,Male,22,77.5,5.36,55.1,44.3,2,13.7,1,3,6.4,64.6,1,1
STU0196,Male,23,94.8,8.34,23.7,33.1,5,6.4,1,2,6.0,39.9,1,0
STU0197,Female,21,59.9,7.26,57.4,54.4,4,20.8,1,2,5.9,82.5,0,1
STU0198,Female,21,92.1,7.83,88.2,35.6,5,21.8,0,0,7.6,76.5,1,1
STU0199,Female,21,94.8,5.24,49.6,76.7,5,3.3,0,3,4.6,53.5,0,0
STU0200,Female,19,73.2,5.66,44.1,44.9,2,20.9,1,3,4.3,56.1,1,1
STU0201,Female,21,43.2,7.9,60.6,39.8,1,10.1,1,5,4.3,57.5,1,1
STU0202,Male,18,65.9,5.58,59.7,41.5,2,20.1,0,1,10.0,46.0,1,0
STU0203,Male,23,94.5,7.69,72.9,62.9,0,14.6,1,0,7.6,52.0,1,1
STU0204,Female,18,74.7,4.95,36.1,47.2,0,15.2,1,2,7.1,55.1,1,1
STU0205,Female,23,60.0,8.27,66.0,38.4,1,13.9,0,3,4.4,89.0,1,0
STU0206,Male,18,67.4,5.15,63.9,80.0,0,22.3,1,3,7.7,77.0,1,1
STU0207,Male,23,87.6,7.83,52.9,34.6,1,7.6,0,1,6.3,76.8,1,1
STU0208,Female,25,83.2,7.94,60.1,50.6,3,18.6,1,1,6.9,66.7,1,0
STU0209,Male,19,71.4,5.95,70.4,61.7,0,21.6,1,2,4.5,39.9,1,0
STU0210,Male,19,69.5,7.87,68.1,20.6,4,19.3,0,2,6.8,59.3,1,0
STU0211,Male,21,69.1,7.39,37.9,58.6,2,28.9,1,4,5.7,77.5,1,1
STU0212,Female,20,61.2,6.19,67.3,31.0,5,11.8,1,2,5.0,37.4,0,1
STU0213,Female,21,,5.49,54.0,64.8,2,20.7,1,3,8.0,71.5,1,1
STU0214,Male,24,70.2,4.06,56.1,32.7,3,14.4,0,2,3.4,100.0,0,0
STU0215,Female,18,93.3,7.52,56.1,62.5,1,22.4,0,3,7.6,,1,1
STU0216,Male,23,97.8,4.65,52.7,69.9,3,15.0,0,2,7.9,85.5,0,0
STU0217,Male,20,90.0,7.14,72.9,65.5,0,12.7,1,4,4.7,63.9,1,1
STU0218,Female,24,68.5,6.6,53.7,54.5,5,22.8,1,1,4.9,77.4,0,0
STU0219,Female,19,81.1,8.02,38.2,45.8,5,12.1,0,2,6.1,47.1,0,0
STU0220,Female,19,74.6,6.55,49.1,39.6,0,6.5,1,1,7.1,74.3,1,1
STU0221,Female,21,61.4,6.51,57.7,76.5,1,11.9,1,2,6.2,71.8,0,1
STU0222,Female,18,79.9,8.1,73.4,37.4,0,18.7,1,2,7.4,65.2,1,1
STU0223,Male,20,57.3,7.5,64.0,31.3,4,23.4,1,1,10.0,83.7,0,1
STU0224,Male,26,92.8,7.47,42.2,62.0,0,15.7,1,5,5.5,50.3,1,1
STU0225,Male,24,68.0,7.7,92.3,35.7,0,22.9,1,1,3.1,56.6,1,1
STU0226,Male,24,78.0,4.7,59.0,32.9,2,6.9,1,3,,61.7,0,1
STU0227,Female,21,79.2,8.14,74.1,24.0,0,12.3,0,5,9.9,41.5,1,1
STU0228,Male,19,71.1,7.92,52.7,41.3,5,13.3,0,0,7.3,64.1,0,0
STU0229,Female,21,83.8,5.47,63.0,48.5,3,14.3,0,3,4.3,29.1,1,0
STU0230,Female,23,67.9,6.63,67.6,54.4,1,15.5,1,1,6.3,78.8,1,1
STU0231,Female,20,88.1,6.94,73.3,67.1,2,19.1,0,0,4.3,,1,0
STU0232,Male,18,54.8,6.8,70.9,59.5,2,12.3,0,2,7.8,50.6,0,0
STU0233,Female,25,76.9,7.5,68.1,46.6,1,15.8,1,4,3.8,45.0,1,1
STU0234,Male,22,100.0,9.15,50.3,46.4,5,14.7,0,0,5.9,55.8,1,0
STU0235,Male,22,60.0,8.62,46.4,59.2,4,9.4,0,2,4.5,72.4,0,0
STU0236,Female,21,64.8,5.03,60.0,72.9,4,14.3,0,2,6.8,69.9,0,0
STU0237,Male,23,82.7,7.93,69.0,52.3,2,14.1,1,4,5.8,47.3,1,1
STU0238,Male,20,77.7,8.99,51.7,41.6,4,14.0,0,0,6.9,44.8,1,1
STU0239,Female,26,80.3,7.58,71.0,32.1,5,15.2,1,3,6.5,71.8,0,1
STU0240,Male,22,82.3,8.64,76.8,24.0,0,15.5,1,3,4.5,47.0,1,1
STU0241,Female,20,84.5,10.0,41.3,62.0,0,12.4,1,3,7.8,61.1,1,1
STU0242,Female,18,91.6,8.54,42.4,60.4,0,22.6,1,4,6.4,62.2,1,1
STU0243,Female,23,81.1,7.37,52.9,60.4,1,8.0,1,4,4.5,65.6,1,1
STU0244,Male,19,71.4,8.57,59.6,47.7,0,10.7,0,0,10.0,75.4,1,1
STU0245,Male,20,85.1,7.22,47.1,75.3,0,31.7,0,2,7.5,37.3,1,0
STU0246,Female,18,100.0,7.04,75.3,41.3,4,8.8,0,2,6.2,25.6,1,1
STU0247,Male,26,73.0,6.47,61.4,67.2,0,6.9,0,2,9.3,49.8,1,1
STU0248,Female,25,60.4,9.35,55.6,49.3,3,19.4,0,2,10.0,92.4,0,1
STU0249,Female,19,91.6,5.77,33.5,39.0,1,2.5,0,2,6.2,96.4,1,1
STU0250,Female,25,73.2,9.3,35.3,60.7,1,13.6,1,2,7.2,93.0,1,1
STU0251,Male,26,42.4,7.75,59.2,57.4,0,27.9,1,5,4.5,56.5,1,1
STU0252,Male,18,87.7,4.9,23.0,56.4,0,5.7,0,0,6.2,27.9,1,0
STU0253,Female,22,67.0,7.55,70.2,51.5,0,3.1,1,4,6.1,17.8,1,1
STU0254,Male,25,73.6,3.85,52.6,49.3,0,6.0,0,2,,48.9,1,0
STU0255,Male,19,80.0,7.94,100.0,93.0,1,20.4,0,3,7.2,56.4,1,0
STU0256,Female,21,77.9,8.33,89.6,71.3,1,21.7,1,4,7.6,83.4,1,1
STU0257,Female,24,85.6,6.11,52.3,63.0,0,11.9,0,2,7.0,75.6,1,1
STU0258,Female,20,68.5,7.19,53.4,52.0,0,19.1,0,2,4.1,64.1,1,0
STU0259,Female,22,82.7,9.93,69.9,68.1,1,23.3,0,2,4.6,44.0,1,0
STU0260,Male,25,71.1,6.24,80.5,59.3,0,25.7,1,2,5.4,42.7,1,0
STU0261,Female,20,86.1,5.41,30.4,50.5,4,13.5,1,4,5.9,64.6,0,0
STU0262,Female,21,84.2,9.22,28.2,44.5,1,1.2,0,4,8.6,72.5,1,1
STU0263,Male,26,61.0,9.94,45.7,48.5,0,10.1,1,1,4.2,67.1,1,1
STU0264,Male,24,91.3,7.01,63.7,5.0,0,12.4,1,1,5.8,41.4,1,1
STU0265,Female,18,67.0,8.52,62.5,53.8,1,13.4,1,2,8.4,71.7,1,1
STU0266,Female,21,87.1,9.01,71.0,41.2,5,13.9,1,0,5.9,67.7,1,1
STU0267,Female,21,80.5,5.89,37.0,78.7,0,21.7,0,3,7.4,40.7,0,0
STU0268,Female,26,100.0,6.27,20.3,50.3,2,22.6,0,1,6.2,45.9,0,0
STU0269,Male,23,71.6,8.85,67.9,28.6,0,14.0,1,2,7.0,72.4,1,1
STU0270,Male,26,69.8,9.53,42.6,49.1,4,21.6,1,0,6.0,55.8,1,0
STU0271,Female,23,74.7,7.84,24.7,31.2,1,17.1,1,2,7.8,88.6,1,1
STU0272,Female,23,70.5,5.68,57.2,58.5,3,15.4,1,3,3.4,,0,1
STU0273,Female,22,87.0,9.98,66.9,55.2,1,20.4,1,2,5.8,51.2,1,1
STU0274,Female,22,50.8,6.2,53.2,67.2,5,15.4,1,5,7.1,59.8,0,1
STU0275,Male,19,59.2,6.5,48.1,35.8,3,27.3,1,4,7.6,61.1,1,1
STU0276,Male,25,59.0,7.51,52.6,50.6,0,6.4,1,2,9.5,46.9,1,0
STU0277,Female,25,89.3,9.33,49.4,25.4,0,11.9,1,0,5.7,43.6,1,1
STU0278,Female,18,100.0,8.28,34.8,62.6,1,14.2,0,4,9.5,72.6,1,0
STU0279,Female,25,73.4,7.62,44.3,59.3,5,17.6,0,4,5.2,75.2,1,0
STU0280,Female,22,72.5,7.69,62.8,58.9,0,22.6,1,4,9.2,70.9,1,1
STU0281,Female,19,76.1,7.07,59.8,50.0,3,14.9,1,1,8.1,87.3,0,1
STU0282,Male,19,92.4,7.84,57.5,57.5,5,6.5,1,5,4.7,50.2,1,0
STU0283,Male,23,61.1,3.21,40.1,78.9,3,20.1,1,1,7.1,90.1,0,1
STU0284,Male,26,78.6,6.56,52.3,44.9,0,19.5,0,3,6.4,43.8,1,0
STU0285,Female,18,89.6,7.36,22.3,52.5,0,3.3,0,4,7.8,41.8,1,1
STU0286,Male,23,82.5,5.27,,30.4,5,15.0,1,1,6.1,28.3,0,1
STU0287,Male,26,77.8,7.58,76.4,34.4,0,5.5,0,4,5.9,52.0,0,0
STU0288,Male,25,90.0,6.69,32.9,51.8,0,11.0,0,2,9.2,50.9,1,1
STU0289,Male,23,34.5,9.63,46.2,69.9,0,9.6,0,5,6.3,69.5,1,0
STU0290,Female,20,85.2,9.36,,45.4,5,19.9,0,1,8.2,64.4,1,0
STU0291,Male,25,65.2,6.3,73.8,45.8,4,15.7,1,5,6.0,38.5,1,1
STU0292,Male,26,47.5,6.77,48.3,42.7,0,7.3,0,0,9.8,52.9,1,1
STU0293,Female,18,82.7,6.89,44.6,40.4,0,20.3,1,3,5.1,53.3,1,1
STU0294,Male,26,95.6,6.32,25.5,55.3,4,6.4,0,2,5.3,28.0,0,0
STU0295,Male,23,72.9,7.29,56.6,23.0,4,17.0,1,2,9.5,42.3,1,1
STU0296,Male,23,89.3,5.86,85.6,73.1,0,10.1,0,1,5.6,46.1,1,1
STU0297,Female,21,99.2,5.3,59.2,38.0,1,12.8,1,3,9.7,85.8,1,1
STU0298,Male,18,94.7,7.93,54.7,63.0,5,18.0,1,1,8.3,63.4,1,0
STU0299,Female,25,99.6,7.94,59.8,27.1,3,18.1,0,2,6.2,71.9,1,0
STU0300,Male,19,86.1,5.79,54.8,62.0,0,23.0,1,1,2.9,33.0,1,0
STU0301,Male,18,76.1,8.34,42.8,62.1,4,14.5,1,5,6.5,81.5,0,1
STU0302,Male,19,51.0,6.05,67.3,56.9,0,16.8,0,0,6.7,83.4,1,0
STU0303,Male,18,71.3,7.38,58.4,32.1,1,12.4,0,1,8.8,24.0,1,0
STU0304,Female,18,62.4,8.23,55.3,54.5,0,16.1,1,1,9.7,47.3,1,1
STU0305,Female,26,100.0,6.95,40.4,28.7,2,17.6,1,2,5.1,68.9,1,1
STU0306,Female,18,72.4,7.68,74.6,45.5,0,14.4,0,1,8.1,71.6,1,0
STU0307,Male,21,76.8,6.23,65.0,68.5,2,4.2,0,2,8.0,47.8,0,1
STU0308,Male,23,83.3,6.71,46.7,64.3,0,17.0,1,4,8.6,54.5,1,1
STU0309,Female,24,75.7,6.69,70.0,50.3,4,17.2,1,3,7.5,49.2,1,1
STU0310,Male,19,100.0,5.88,47.5,32.5,1,10.9,1,2,2.6,62.0,1,1
STU0311,Male,23,65.7,6.73,43.3,61.6,0,7.3,0,0,6.2,81.5,1,0
STU0312,Male,24,77.9,4.68,43.6,50.3,3,23.9,1,3,4.2,46.1,0,1
STU0313,Male,19,63.9,6.26,28.4,8.2,1,17.9,0,1,6.1,78.0,0,1
STU0314,Female,19,55.2,6.57,62.1,64.1,0,13.6,0,3,8.5,45.9,1,0
STU0315,Female,24,65.8,6.62,27.5,49.6,0,8.2,1,1,7.1,44.7,1,1
STU0316,Female,18,74.4,6.64,36.6,71.6,3,10.1,1,2,8.8,74.7,0,1
STU0317,Male,25,68.6,6.91,23.9,30.3,5,22.8,0,2,7.2,,0,0
STU0318,Male,20,64.6,7.72,53.7,5.0,2,15.8,1,4,3.9,75.3,1,1
STU0319,Male,23,53.9,8.31,52.7,55.0,5,11.7,1,1,1.5,36.3,0,0
STU0320,Male,26,73.8,6.03,50.1,55.2,1,18.1,1,2,6.8,51.6,1,1
STU0321,Male,23,52.4,5.2,39.4,19.6,0,10.1,1,1,6.1,74.8,1,1
STU0322,Female,26,86.4,5.44,37.4,32.4,4,24.0,1,3,4.5,60.7,0,0
STU0323,Female,24,76.2,6.27,62.0,99.6,0,23.1,0,4,3.1,40.7,1,1
STU0324,Male,26,53.1,6.47,46.7,44.5,1,12.2,1,2,5.0,68.2,0,1
STU0325,Female,19,70.4,5.85,59.7,63.2,2,11.2,1,2,6.1,47.1,0,1
STU0326,Female,25,63.7,5.06,41.7,38.3,2,1.0,1,4,7.8,92.3,1,1
STU0327,Female,25,79.8,6.32,57.7,12.4,0,6.1,1,2,6.9,87.8,1,1
STU0328,Female,19,95.1,7.27,74.5,46.9,0,7.0,1,2,9.7,70.9,1,1
STU0329,Male,21,46.9,7.89,63.8,45.2,5,15.8,0,2,4.4,84.5,0,0
STU0330,Male,24,76.7,6.16,48.8,42.8,2,13.0,0,3,8.3,61.2,1,1
STU0331,Male,21,72.6,6.38,58.9,47.9,3,6.9,1,1,6.6,73.8,0,1
STU0332,Female,21,85.1,5.61,51.4,54.8,0,13.3,0,4,7.9,86.6,1,1
STU0333,Male,23,78.2,6.95,55.1,47.3,4,18.0,0,2,5.6,64.4,1,0
STU0334,Male,23,,5.73,50.1,27.2,2,18.2,1,0,8.6,55.4,0,1
STU0335,Male,20,70.2,7.86,52.5,58.8,3,3.6,1,3,7.1,29.3,1,0
STU0336,Male,26,63.1,4.32,58.2,14.9,1,14.2,0,2,5.1,58.5,1,0
STU0337,Female,19,91.1,6.46,40.1,13.1,1,6.7,1,1,6.5,74.8,1,1
STU0338,Female,23,75.3,7.45,39.8,63.3,4,20.4,1,3,6.0,77.0,1,1
STU0339,Male,24,100.0,7.28,34.2,59.1,0,19.7,1,4,7.5,69.1,1,1
STU0340,Male,26,74.1,10.0,31.0,49.0,1,9.6,1,4,4.1,50.3,1,1
STU0341,Male,20,64.4,7.52,36.7,24.9,4,10.4,0,5,6.4,24.4,0,1
STU0342,Male,20,52.3,5.49,57.4,37.3,0,12.2,0,4,7.3,51.1,0,0
STU0343,Male,24,48.0,6.86,41.6,45.3,0,1.5,0,0,6.6,54.5,1,0
STU0344,Male,21,51.2,4.34,62.7,21.3,2,17.0,1,2,9.2,54.4,0,0
STU0345,Male,25,79.0,6.88,55.5,36.7,4,13.4,1,4,8.0,71.1,1,1
STU0346,Female,24,82.6,5.75,25.5,61.7,5,20.8,1,2,6.5,,0,0
STU0347,Female,22,51.3,8.37,64.8,75.7,1,8.4,1,3,6.9,62.2,1,1
STU0348,Male,24,88.4,6.18,67.2,42.5,3,11.3,1,3,7.1,56.1,0,1
STU0349,Male,20,67.8,6.82,40.1,63.6,4,6.0,1,2,7.3,55.3,0,1
STU0350,Female,19,77.2,6.05,61.3,15.5,5,9.0,0,4,2.8,62.2,1,0
STU0351,Male,23,99.2,9.61,42.2,61.9,0,7.9,0,2,5.9,45.1,1,1
STU0352,Female,19,88.5,6.52,56.5,35.5,0,21.0,1,2,3.5,62.2,1,1
STU0353,Female,20,71.0,9.75,36.0,55.5,3,10.8,0,5,9.1,68.1,1,1
STU0354,Male,23,61.6,8.22,28.1,45.5,0,15.7,0,2,6.4,63.8,1,1
STU0355,Male,22,42.7,7.72,49.3,73.8,0,12.7,1,1,6.1,68.2,1,1
STU0356,Female,25,64.2,7.55,53.1,34.3,2,7.4,0,2,8.3,67.8,1,0
STU0357,Male,26,71.8,7.59,49.0,61.3,5,14.0,1,4,7.3,28.1,1,1
STU0358,Female,20,60.2,4.11,37.2,45.0,4,18.6,0,3,4.2,71.5,0,0
STU0359,Female,20,73.0,6.58,49.0,47.2,4,7.8,0,3,6.4,47.9,0,1
STU0360,Female,20,76.2,8.27,59.0,46.7,0,19.9,0,3,5.8,40.3,1,0
STU0361,Male,23,,6.93,54.3,34.8,1,9.9,1,1,3.0,40.1,1,1
STU0362,Female,18,65.2,4.89,57.7,49.7,2,12.1,0,4,5.1,67.8,0,0
STU0363,Male,24,77.5,6.92,44.9,48.9,5,18.2,1,4,6.1,56.0,0,0
STU0364,Male,18,81.6,9.56,72.6,54.3,4,11.0,1,1,6.3,29.7,1,1
STU0365,Female,22,58.6,8.87,37.4,51.5,0,15.2,1,1,3.5,68.6,1,1
STU0366,Male,25,96.2,6.91,62.3,64.4,3,13.1,0,5,,34.1,1,1
STU0367,Female,21,73.5,8.43,,66.6,2,15.8,1,4,6.3,62.5,1,1
STU0368,Female,22,75.3,6.45,62.2,31.1,0,1.0,1,4,6.6,64.3,1,1
STU0369,Male,21,85.6,4.44,,65.6,0,4.0,1,4,7.3,75.9,0,1
STU0370,Male,21,78.5,5.61,47.1,28.6,3,18.7,1,2,4.9,92.1,1,1
STU0371,Male,25,89.3,9.34,70.5,60.6,1,21.2,0,3,7.4,35.4,1,1
STU0372,Male,19,79.3,6.59,,61.2,1,9.5,1,2,5.8,,1,1
STU0373,Male,18,65.8,6.63,40.4,15.6,2,13.5,0,0,4.7,55.0,0,0
STU0374,Female,20,80.4,6.55,49.0,51.7,5,16.8,0,3,7.6,67.8,0,0
STU0375,Male,26,57.8,9.86,73.6,41.6,0,19.2,0,2,9.5,63.9,1,1
STU0376,Male,21,,9.44,60.7,36.3,3,2.8,1,3,7.9,53.7,1,1
STU0377,Female,22,74.5,10.0,40.5,74.3,0,9.7,1,2,8.3,52.1,1,1
STU0378,Male,19,71.9,6.76,50.3,38.2,4,13.0,0,2,5.5,39.9,0,0
STU0379,Female,21,73.1,7.44,45.8,35.5,0,19.2,1,1,3.3,77.8,1,1
STU0380,Male,19,46.8,4.73,44.4,51.4,0,30.0,0,1,9.5,68.3,1,0
STU0381,Male,19,66.8,9.22,69.7,62.3,1,13.6,1,1,10.0,76.5,1,1
STU0382,Female,21,76.4,5.25,34.4,47.5,5,6.6,0,1,9.6,54.4,0,0
STU0383,Female,23,77.4,7.33,79.1,71.0,0,17.4,0,5,5.8,48.2,1,1
STU0384,Female,24,59.6,5.35,67.4,59.6,0,22.9,0,1,4.2,40.6,1,0
STU0385,Female,20,94.0,6.12,71.4,10.8,3,15.6,0,1,4.4,66.5,0,1
STU0386,Female,20,62.0,5.74,48.1,40.5,5,9.6,1,2,3.1,41.3,0,0
STU0387,Male,23,89.5,6.09,52.8,39.9,1,20.7,0,3,6.3,93.3,1,1
STU0388,Male,20,81.4,6.19,33.5,58.6,4,19.0,1,1,9.7,36.5,1,1
STU0389,Female,19,65.3,6.18,47.1,5.0,1,8.8,0,3,6.2,64.9,1,0
STU0390,Female,25,100.0,8.25,62.4,95.9,0,17.3,1,3,7.1,88.2,1,1
STU0391,Female,22,57.1,5.34,74.4,59.6,1,21.0,1,1,9.3,70.8,1,1
STU0392,Male,18,88.8,7.33,38.4,52.7,1,22.1,0,1,5.7,63.2,1,1
STU0393,Male,20,90.0,8.83,49.5,71.3,1,14.6,1,4,10.0,42.6,1,1
STU0394,Female,25,64.9,6.23,52.7,92.2,3,12.9,0,4,10.0,35.1,0,1
STU0395,Male,21,95.9,5.92,34.1,65.7,1,22.4,1,3,6.2,73.9,0,1
STU0396,Female,24,71.2,6.65,63.9,67.1,1,7.7,0,0,5.3,87.1,1,0
STU0397,Female,19,79.3,8.77,44.1,52.4,0,17.6,1,2,7.9,52.1,1,1
STU0398,Male,24,78.9,7.29,52.1,47.5,0,6.8,1,2,5.8,39.5,1,0
STU0399,Female,22,73.0,6.2,48.2,41.4,5,21.4,1,1,4.2,15.8,0,0
STU0400,Female,22,87.2,7.73,43.2,35.1,1,13.5,1,2,9.1,42.3,1,1
STU0401,Male,23,86.9,5.35,54.9,37.6,5,22.6,1,3,8.9,58.0,0,1
STU0402,Female,26,48.8,8.02,51.8,25.7,0,17.9,0,2,6.8,88.8,1,1
STU0403,Male,23,94.6,7.61,49.4,48.6,0,7.7,1,3,4.0,72.1,1,1
STU0404,Female,25,50.1,6.54,44.1,19.7,2,23.5,1,4,4.0,65.5,1,1
STU0405,Male,24,90.5,5.74,59.8,53.4,5,24.3,0,2,6.7,52.8,1,0
STU0406,Female,26,91.9,5.67,79.8,49.3,5,20.3,1,4,5.5,49.5,0,1
STU0407,Male,21,58.6,7.8,57.1,52.6,0,10.4,0,1,5.8,85.3,1,0
STU0408,Male,19,68.8,8.84,69.9,40.6,0,13.2,1,4,8.5,63.6,1,1
STU0409,Female,24,58.4,6.04,34.1,100.0,1,15.9,1,1,8.0,22.2,0,1
STU0410,Male,23,71.8,7.69,57.4,74.5,0,10.8,0,0,9.3,47.9,1,1
STU0411,Male,18,70.4,3.87,38.5,27.6,0,25.2,1,3,4.5,44.6,1,1
STU0412,Female,26,86.7,6.12,32.8,54.2,0,15.9,0,2,5.8,50.2,0,0
STU0413,Female,26,94.7,6.95,43.9,39.1,1,1.0,0,4,8.0,70.1,1,1
STU0414,Female,19,95.9,5.64,72.9,31.7,4,17.0,0,2,7.4,58.1,0,1
STU0415,Female,20,66.6,5.6,69.3,25.9,5,12.9,1,1,9.6,58.6,0,1
STU0416,Male,22,71.9,6.0,58.6,57.8,0,14.6,0,2,7.3,83.6,1,0
STU0417,Male,22,49.7,7.44,32.0,37.7,1,12.8,0,2,10.0,47.5,0,1
STU0418,Male,18,62.9,6.72,52.1,67.4,4,19.8,1,2,7.6,93.6,1,1
STU0419,Female,25,89.5,3.64,59.5,67.9,4,21.7,0,3,8.6,,0,0
STU0420,Female,25,99.2,3.82,57.6,74.7,0,16.7,0,3,5.9,61.6,1,1
STU0421,Female,21,56.5,6.09,27.3,34.7,3,13.0,0,4,6.5,54.9,0,0
STU0422,Female,24,66.1,7.69,41.6,58.6,0,14.8,0,5,8.3,62.2,1,1
STU0423,Male,20,74.6,2.88,54.0,61.4,3,15.1,1,1,9.7,68.0,0,1
STU0424,Male,23,79.2,6.25,63.0,41.5,0,10.2,0,3,8.0,67.8,1,1
STU0425,Male,26,62.9,6.21,22.1,36.1,1,18.5,1,2,6.3,46.4,1,0
STU0426,Male,18,81.4,9.08,52.6,79.0,3,17.8,1,3,9.3,39.8,1,1
STU0427,Male,22,67.9,6.42,57.1,54.1,1,24.2,0,2,2.1,100.0,1,1
STU0428,Female,21,74.8,7.57,67.7,61.4,4,22.5,0,5,3.7,51.3,1,0
STU0429,Male,25,83.2,7.21,65.4,35.2,0,10.9,0,3,7.9,72.6,1,1
STU0430,Male,18,75.1,3.8,63.7,28.1,4,19.9,1,5,6.5,31.1,0,0
STU0431,Male,26,68.5,8.15,43.0,39.7,0,9.3,0,4,7.7,55.0,1,1
STU0432,Female,23,73.4,7.32,26.4,47.8,5,19.2,0,4,6.6,57.7,0,0
STU0433,Female,21,73.7,7.76,49.1,30.8,5,11.9,1,4,7.6,68.5,0,1
STU0434,Male,26,69.4,10.0,70.0,49.8,0,8.9,0,2,4.9,11.0,1,1
STU0435,Male,22,71.1,3.87,75.9,19.6,0,16.7,0,1,7.6,63.0,1,1
STU0436,Female,22,99.0,9.59,65.7,29.8,0,1.0,1,2,8.5,39.3,1,1
STU0437,Male,22,83.4,6.57,61.4,62.1,0,4.5,1,0,8.9,65.8,1,1
STU0438,Female,18,70.6,7.43,60.7,60.9,0,13.9,0,2,10.0,41.3,1,1
STU0439,Female,18,85.5,6.93,46.7,42.9,4,15.5,1,2,7.0,44.6,1,0
STU0440,Male,25,70.0,6.36,53.0,31.7,3,12.8,0,2,7.0,55.1,1,0
STU0441,Male,25,92.6,6.15,80.0,31.5,0,5.5,1,5,3.5,41.1,1,1
STU0442,Female,23,80.5,7.49,40.9,43.3,0,10.1,1,4,5.4,51.4,1,1
STU0443,Male,21,73.4,4.72,79.2,61.6,0,17.3,1,1,6.1,38.5,1,1
STU0444,Male,19,81.7,8.13,50.2,66.7,0,18.5,1,2,8.6,27.0,1,1
STU0445,Female,19,51.4,6.38,74.9,41.1,0,14.9,1,2,5.3,78.3,1,1
STU0446,Female,26,58.1,5.3,33.9,29.2,0,21.9,1,2,8.1,36.7,1,1
STU0447,Female,22,57.1,6.32,63.8,54.8,0,17.4,1,3,6.5,56.8,1,1
STU0448,Female,21,77.1,8.89,43.9,35.2,4,10.5,0,2,6.1,73.6,1,0
STU0449,Male,18,100.0,6.2,33.8,40.7,0,13.3,1,2,7.0,48.9,1,1
STU0450,Male,24,100.0,7.54,58.3,73.9,0,6.6,1,4,5.7,45.1,1,1
STU0451,Female,20,84.6,5.9,70.1,64.9,0,14.4,1,4,5.6,64.1,1,1
STU0452,Female,23,82.5,8.14,42.3,52.8,0,21.7,0,1,,80.1,1,1
STU0453,Male,22,48.0,8.03,32.5,27.1,1,19.1,1,3,6.0,39.0,0,1
STU0454,Female,22,66.9,9.77,53.6,53.8,5,23.4,1,2,5.5,57.3,1,1
STU0455,Male,22,63.2,6.74,53.7,69.1,0,13.2,1,1,5.5,28.8,1,1
STU0456,Male,18,65.7,8.0,63.2,43.2,2,23.1,1,0,7.3,52.9,1,0
STU0457,Male,18,72.5,7.15,,74.3,0,13.8,0,2,7.8,60.6,1,0
STU0458,Male,20,67.9,8.94,54.1,73.3,1,23.8,0,2,7.0,44.6,1,0
STU0459,Male,21,45.3,5.92,82.8,79.9,3,14.9,0,1,8.5,51.8,0,0
STU0460,Male,22,86.2,8.12,58.4,55.5,1,19.2,0,3,7.7,34.7,0,0
STU0461,Male,19,58.9,6.71,49.8,60.6,0,23.9,1,3,5.9,61.4,1,1
STU0462,Female,25,78.6,6.9,30.8,75.5,0,13.8,1,1,5.6,79.0,1,1
STU0463,Female,19,100.0,7.14,51.1,58.1,3,16.3,1,0,7.1,40.3,1,1
STU0464,Female,26,61.2,7.38,50.0,41.0,3,22.7,1,4,7.6,48.8,1,1
STU0465,Female,19,37.0,6.83,69.4,41.9,4,14.2,0,0,9.3,69.0,0,0
STU0466,Male,26,70.7,7.32,61.9,54.3,1,7.1,0,4,8.9,81.8,1,1
STU0467,Male,24,91.5,9.37,37.3,26.8,0,27.9,0,3,5.4,33.1,1,0
STU0468,Female,25,100.0,8.48,57.6,47.4,4,12.2,0,2,6.3,57.0,1,1
STU0469,Male,19,56.6,8.3,65.1,69.7,0,16.0,1,1,7.8,65.1,1,1
STU0470,Female,24,82.5,6.32,77.9,10.6,1,21.9,0,0,8.6,58.2,1,0
STU0471,Male,23,68.0,5.67,68.3,77.6,5,11.3,0,1,8.4,15.4,1,0
STU0472,Female,21,,8.43,66.4,70.2,5,9.0,0,1,6.4,69.0,1,0
STU0473,Male,24,100.0,8.31,55.9,41.7,4,16.5,1,3,4.0,87.3,0,1
STU0474,Female,21,52.5,9.21,60.8,59.8,0,4.2,1,1,4.5,62.1,1,1
STU0475,Male,19,78.8,6.09,73.7,50.1,1,13.3,1,2,7.0,41.4,1,1
STU0476,Female,24,82.0,6.66,35.0,72.1,1,16.5,0,2,7.2,50.8,1,0
STU0477,Male,25,91.3,4.54,49.8,67.7,5,13.4,1,1,4.3,91.9,0,1
STU0478,Female,19,76.5,6.41,43.4,24.8,2,5.7,0,0,6.6,76.4,1,0
STU0479,Female,22,79.6,8.49,60.7,60.6,0,24.6,1,0,7.8,71.5,1,0
STU0480,Male,18,69.1,6.3,73.5,46.3,0,15.6,1,0,,66.4,1,1
STU0481,Female,24,79.0,7.96,46.0,51.5,2,23.6,1,3,8.7,48.1,1,0
STU0482,Female,25,69.9,6.71,19.1,36.9,4,13.4,1,2,5.7,,0,1
STU0483,Male,23,84.3,7.49,48.8,81.5,0,9.7,0,3,9.0,58.6,1,0
STU0484,Female,22,69.5,5.28,68.7,68.7,0,16.6,1,2,5.4,69.9,1,1
STU0485,Female,23,80.7,7.13,63.1,36.7,1,13.7,0,2,4.4,87.2,1,0
STU0486,Female,19,74.6,2.51,61.4,26.0,1,7.9,1,2,5.6,80.1,0,1
STU0487,Male,18,91.9,6.72,50.8,43.1,2,23.8,0,3,6.3,34.5,0,0
STU0488,Male,24,74.2,4.55,35.8,57.8,0,11.3,0,1,5.7,64.0,0,0
STU0489,Female,24,48.4,8.81,62.7,54.3,0,4.0,1,1,6.1,73.3,1,1
STU0490,Female,19,93.9,8.17,42.5,72.6,4,23.0,1,2,7.2,71.1,1,1
STU0491,Male,19,61.4,7.7,87.8,64.2,1,12.0,0,2,6.2,48.7,1,1
STU0492,Female,18,65.2,9.28,63.6,67.5,1,11.4,1,2,6.4,100.0,1,1
STU0493,Male,25,66.1,5.58,46.3,55.9,1,4.4,1,3,3.1,37.0,1,1
STU0494,Male,25,95.6,9.62,45.8,25.0,0,25.4,0,2,7.3,40.5,1,1
STU0495,Male,18,43.0,8.4,53.6,46.5,1,7.3,1,3,6.3,64.2,1,1
STU0496,Male,25,100.0,6.65,51.4,69.1,0,15.4,1,2,9.7,98.1,1,1
STU0497,Female,26,90.8,8.7,71.8,49.1,0,20.5,1,3,4.6,44.9,1,1
STU0498,Male,21,78.3,5.34,57.8,59.1,0,17.5,0,3,2.9,55.2,1,1
STU0499,Female,18,74.2,5.76,44.0,44.3,1,14.6,0,2,7.7,79.4,1,1
STU0500,Female,18,79.3,6.09,83.4,31.5,5,4.8,1,3,7.2,59.7,0,1
STU0501,Female,20,82.8,6.21,55.7,47.8,4,10.1,1,4,4.5,54.0,0,1
STU0502,Male,22,84.7,5.42,66.5,55.6,0,16.1,1,2,3.4,70.2,1,1
STU0503,Male,22,83.3,8.83,45.9,38.2,0,10.3,0,2,9.6,64.9,1,1
STU0504,Female,26,76.3,6.61,60.4,45.8,5,16.2,1,3,9.3,78.5,1,1
STU0505,Female,19,72.0,7.53,59.7,33.1,0,19.1,1,2,1.5,83.2,1,1
STU0506,Male,19,72.7,6.14,26.7,70.1,5,20.8,0,0,5.6,65.5,0,0
STU0507,Female,23,72.1,4.27,85.2,44.7,1,7.6,1,4,9.8,65.3,1,1
STU0508,Female,26,92.0,7.41,74.4,76.1,2,28.2,1,0,5.5,63.9,1,1
STU0509,Female,18,83.9,4.13,49.0,77.5,5,19.6,0,3,5.5,68.8,0,0
STU0510,Female,26,30.9,6.9,38.5,48.5,3,15.0,1,3,5.9,61.0,0,1
STU0511,Female,26,84.8,4.95,60.2,31.8,0,21.5,0,5,4.3,60.0,1,1
STU0512,Male,26,77.9,9.98,56.3,12.5,0,29.2,1,0,3.1,81.5,1,1
STU0513,Female,22,74.7,8.37,60.3,23.5,1,6.4,0,2,8.6,87.3,1,1
STU0514,Female,26,69.2,7.16,57.9,25.3,0,13.6,0,2,2.8,32.9,1,0
STU0515,Male,21,91.9,8.9,62.6,74.8,0,1.0,1,2,7.0,60.2,1,1
STU0516,Male,19,89.2,5.73,76.7,52.1,3,16.2,1,0,8.3,47.6,1,0
STU0517,Male,23,63.4,7.82,63.5,57.0,1,17.2,0,2,3.6,54.4,1,0
STU0518,Female,21,81.1,7.3,39.3,10.0,1,14.8,1,2,4.7,67.2,1,1
STU0519,Female,23,,7.4,75.4,28.4,4,11.1,0,1,8.9,72.0,1,0
STU0520,Male,20,54.3,8.91,79.6,66.0,0,2.7,0,3,7.6,58.0,1,1
STU0521,Female,23,,8.1,100.0,55.2,5,17.2,0,3,5.3,25.6,1,0
STU0522,Male,19,87.9,7.43,38.1,47.4,3,23.7,1,3,8.9,,1,1
STU0523,Female,19,89.3,4.52,58.6,60.2,5,11.5,0,4,8.9,76.1,0,0
STU0524,Female,26,82.7,5.56,23.8,79.4,4,17.6,0,2,,10.7,0,0
STU0525,Female,24,85.9,6.82,63.3,46.0,0,5.6,0,5,4.7,81.4,1,1
STU0526,Male,20,82.7,7.14,46.8,51.2,2,17.7,0,4,5.7,69.4,1,1
STU0527,Male,18,65.4,5.3,83.9,53.5,3,12.6,1,1,7.1,83.7,0,1
STU0528,Male,25,81.5,10.0,43.4,93.1,0,10.4,1,1,6.1,56.4,1,1
STU0529,Male,23,87.0,9.27,29.7,12.2,0,10.4,0,2,8.4,22.9,1,1
STU0530,Female,24,86.3,7.9,47.9,62.3,0,12.6,1,2,3.4,,1,1
STU0531,Female,26,92.8,7.11,25.4,47.9,2,17.3,1,2,3.5,82.9,1,1
STU0532,Female,22,,6.68,66.3,60.2,4,7.1,1,2,6.9,76.6,0,1
STU0533,Female,18,80.3,5.57,,38.2,0,12.6,1,3,5.5,48.1,1,0
STU0534,Female,24,91.1,7.12,55.4,49.1,1,14.8,1,2,5.2,61.6,1,1
STU0535,Female,22,74.6,7.39,,62.8,3,8.4,0,1,,50.4,0,0
STU0536,Female,20,61.8,5.14,,100.0,1,25.8,1,4,6.5,45.3,1,1
STU0537,Female,26,72.6,7.5,79.7,64.5,0,9.9,1,2,6.4,77.2,1,1
STU0538,Male,18,63.8,6.77,60.4,34.7,2,11.0,1,5,7.8,38.4,0,1
STU0539,Male,18,64.9,4.14,42.0,42.4,0,9.1,1,1,6.6,43.9,1,0
STU0540,Male,18,72.8,5.71,54.5,41.8,0,25.8,0,5,6.2,40.1,1,0
STU0541,Female,20,63.1,6.38,55.3,17.7,0,18.3,1,0,8.9,33.2,1,1
STU0542,Female,23,70.4,9.83,62.1,44.1,0,9.4,1,1,3.9,62.6,1,1
STU0543,Male,20,46.6,7.83,34.5,63.2,0,21.6,0,0,7.6,80.9,0,1
STU0544,Female,25,78.2,5.0,63.9,27.1,2,16.2,0,3,3.2,56.7,1,0
STU0545,Female,19,75.0,7.73,14.4,68.9,1,16.5,1,4,4.8,32.9,1,1
STU0546,Male,26,62.7,4.68,45.6,58.8,0,12.9,1,2,4.1,75.1,1,1
STU0547,Male,20,84.9,8.62,47.7,36.8,0,10.5,1,4,8.1,90.3,1,1
STU0548,Female,22,89.1,6.29,64.5,47.5,5,17.0,1,2,6.4,48.4,1,1
STU0549,Male,25,50.9,6.86,55.3,78.8,1,11.7,0,3,6.5,51.4,1,1
STU0550,Female,19,63.6,8.99,33.9,63.2,0,25.9,0,4,4.3,69.3,1,1
STU0551,Male,23,63.5,5.07,40.2,50.2,4,7.4,0,1,5.9,89.2,0,1
STU0552,Female,22,60.9,4.9,58.0,45.7,0,24.2,0,2,5.0,50.6,1,1
STU0553,Female,26,87.4,6.12,53.8,51.4,0,14.3,0,4,7.3,36.0,1,1
STU0554,Female,22,72.1,8.56,46.3,40.8,2,16.8,0,4,4.5,71.4,1,0
STU0555,Female,19,71.0,4.72,47.8,12.1,1,20.0,1,5,9.2,74.4,1,1
STU0556,Male,22,44.9,2.75,65.4,86.8,1,11.2,1,4,3.1,60.1,0,0
STU0557,Male,21,84.5,6.32,47.2,52.8,1,20.2,0,1,4.9,50.0,1,1
STU0558,Male,24,56.4,7.83,53.7,57.2,0,1.0,0,4,9.9,77.9,1,0
STU0559,Female,23,75.9,8.8,87.5,49.0,0,10.7,0,2,5.6,69.5,1,1
STU0560,Female,19,79.2,6.31,33.6,36.8,0,9.5,1,5,3.9,46.2,1,1
STU0561,Female,22,95.4,6.38,27.2,46.7,5,7.5,0,2,6.9,60.9,0,0
STU0562,Male,24,55.4,8.73,66.8,21.2,3,13.7,0,2,5.5,35.7,1,0
STU0563,Male,24,29.7,4.2,44.8,91.0,2,17.3,1,2,4.8,72.3,0,1
STU0564,Male,22,77.8,6.42,50.2,27.8,4,19.2,1,2,4.3,55.3,0,1
STU0565,Male,26,100.0,7.29,43.3,31.4,0,16.4,0,0,10.0,52.2,1,0
STU0566,Female,21,93.6,7.67,51.1,42.1,2,11.0,0,4,6.0,59.4,1,1
STU0567,Male,20,78.1,6.24,79.0,73.2,5,17.2,0,4,2.6,60.7,0,0
STU0568,Male,21,67.6,7.05,67.0,50.3,0,15.7,1,1,9.5,76.1,1,1
STU0569,Female,22,87.1,3.27,67.9,27.7,2,20.6,1,3,7.7,70.6,1,1
STU0570,Male,23,60.4,6.01,33.8,72.6,0,19.7,0,3,5.0,57.2,0,0
STU0571,Male,20,82.1,7.68,37.7,63.2,1,15.2,1,2,4.6,73.7,1,0
STU0572,Female,19,82.6,5.53,12.4,59.7,0,9.6,0,1,7.8,67.2,1,0
STU0573,Male,21,90.9,7.09,42.9,62.9,1,11.1,0,4,6.0,52.3,1,0
STU0574,Female,22,100.0,7.67,69.4,93.1,0,11.7,0,3,2.6,57.8,1,1
STU0575,Female,21,80.9,6.49,62.8,89.3,0,13.1,1,2,10.0,57.3,1,1
STU0576,Female,20,67.4,7.26,51.7,37.6,0,16.6,0,3,5.6,69.1,1,0
STU0577,Male,25,74.6,5.56,54.7,79.2,0,19.3,0,0,9.5,53.4,1,0
STU0578,Female,21,48.5,6.69,44.7,56.9,0,14.7,0,2,9.1,53.0,1,1
STU0579,Male,19,64.6,7.92,58.1,59.0,5,15.1,0,1,4.5,95.4,0,0
STU0580,Male,19,68.9,7.24,66.5,19.5,3,15.9,1,1,8.6,76.9,1,1
STU0581,Male,18,67.1,6.12,30.8,46.9,1,11.9,0,3,5.2,46.3,1,0
STU0582,Female,21,77.3,7.34,59.5,35.4,0,9.4,0,4,2.8,70.3,1,1
STU0583,Male,26,62.7,8.07,69.0,64.9,5,4.5,1,2,5.7,62.1,1,1
STU0584,Male,24,91.8,3.93,48.8,69.3,1,10.8,1,1,7.3,67.0,1,1
STU0585,Female,24,75.0,8.74,65.5,12.7,0,17.8,1,3,5.6,62.5,1,1
STU0586,Male,24,74.9,6.5,97.2,49.6,0,10.8,1,4,5.9,81.4,1,1
STU0587,Male,25,70.1,7.64,53.4,70.2,1,13.6,0,3,8.8,66.2,1,1
STU0588,Male,18,77.3,8.8,60.9,46.6,0,17.8,1,4,6.7,58.9,1,1
STU0589,Male,25,87.4,4.94,43.9,63.1,0,18.1,1,2,4.8,78.8,1,1
STU0590,Male,21,,5.94,57.7,56.3,0,8.5,0,3,7.9,64.2,1,1
STU0591,Male,21,65.1,6.57,61.9,56.1,5,21.0,1,1,6.9,62.2,0,1
STU0592,Female,21,70.4,5.82,57.9,45.1,5,21.8,0,2,1.5,65.7,0,0
STU0593,Male,23,54.8,9.6,39.7,28.1,3,8.2,1,2,7.4,58.3,0,1
STU0594,Male,24,62.7,5.71,58.1,29.8,2,10.1,1,2,7.3,60.2,0,0
STU0595,Female,23,67.9,6.17,76.9,62.8,0,22.1,1,4,6.5,49.4,1,1
STU0596,Male,18,88.1,7.31,61.7,50.4,0,14.1,1,4,8.3,46.5,1,1
STU0597,Female,25,78.9,5.2,69.4,47.5,0,1.7,1,1,5.2,42.0,1,0
STU0598,Male,24,77.9,6.41,51.4,42.4,1,6.6,0,1,7.2,34.9,1,0
STU0599,Male,23,87.8,7.48,66.2,44.5,5,13.5,0,2,3.4,44.2,1,0
STU0600,Male,23,72.9,6.5,59.2,68.8,0,8.0,0,1,7.3,56.9,1,1
STU0601,Male,22,80.9,6.86,40.7,44.0,0,12.5,0,3,10.0,61.9,0,1
STU0602,Male,23,73.5,6.21,59.8,25.9,0,15.2,1,4,4.5,55.1,1,1
STU0603,Male,26,79.0,4.73,40.1,63.4,1,23.8,0,5,5.0,17.6,0,0
STU0604,Male,26,66.3,7.48,45.5,46.3,0,13.3,0,3,5.1,88.3,1,0
STU0605,Male,25,38.4,9.63,57.8,50.6,4,21.4,1,4,6.8,79.6,0,1
STU0606,Male,26,73.0,7.03,59.5,78.9,0,23.6,1,2,4.4,,1,1
STU0607,Male,25,96.3,7.34,37.2,49.6,0,23.6,0,1,7.3,94.3,1,1
STU0608,Male,25,88.9,8.04,70.8,55.2,5,16.7,0,2,8.2,42.4,1,0
STU0609,Male,18,89.5,5.1,63.6,28.8,5,3.2,0,2,7.6,94.0,0,1
STU0610,Female,22,93.5,9.55,44.4,46.0,0,17.8,1,3,,42.6,1,1
STU0611,Male,21,76.3,7.3,31.9,61.0,0,21.3,0,1,8.5,64.3,1,0
STU0612,Female,19,,9.45,52.8,22.0,0,14.5,1,2,8.4,37.1,1,1
STU0613,Female,25,65.7,5.9,48.3,53.6,0,25.5,0,2,8.2,60.3,1,1
STU0614,Male,20,70.3,9.73,56.7,51.8,1,20.2,0,5,7.2,67.0,1,1
STU0615,Female,21,84.2,8.16,49.6,50.7,0,18.4,1,2,6.9,57.2,1,1
STU0616,Female,24,93.1,7.83,24.9,68.7,2,21.5,0,3,8.6,72.8,1,1
STU0617,Male,26,72.9,7.35,49.2,56.0,1,17.0,0,3,10.0,61.8,1,1
STU0618,Male,19,68.2,6.63,50.4,76.6,4,1.0,0,1,4.6,50.6,0,0
STU0619,Female,20,75.0,8.8,64.5,32.1,2,12.0,1,2,8.7,49.8,1,1
STU0620,Female,21,84.0,7.21,44.5,52.4,0,22.2,1,4,6.3,74.6,1,1
STU0621,Male,18,53.3,4.05,80.2,51.5,1,10.2,0,2,6.2,48.2,0,0
STU0622,Male,24,40.6,5.32,,30.8,1,13.7,0,4,3.4,76.5,0,0
STU0623,Male,19,66.7,6.72,74.7,67.2,1,8.7,0,1,5.9,82.0,1,1
STU0624,Male,22,56.7,7.46,51.6,91.8,5,25.7,1,0,4.5,30.0,0,0
STU0625,Female,18,67.4,6.92,67.9,49.7,4,25.1,1,4,5.6,80.4,1,1
STU0626,Male,20,72.8,8.83,56.2,59.1,5,9.7,1,4,4.3,97.1,0,1
STU0627,Male,19,68.2,4.07,72.1,51.5,0,15.9,1,5,5.6,64.5,1,1
STU0628,Female,18,96.8,7.22,49.2,37.2,1,10.9,0,3,5.7,70.8,1,1
STU0629,Male,24,79.9,4.27,38.5,17.2,3,18.7,0,4,6.7,78.7,0,0
STU0630,Male,22,79.5,8.14,76.3,37.3,4,18.1,0,4,3.3,55.0,1,0
STU0631,Female,18,84.3,6.86,53.3,24.9,2,19.9,0,4,3.6,63.3,1,1
STU0632,Female,23,57.9,7.63,58.3,80.7,0,17.0,0,2,7.2,36.3,1,1
STU0633,Male,22,90.6,5.7,73.5,47.9,0,32.6,1,2,,62.5,1,0
STU0634,Male,20,73.9,8.92,39.5,43.8,0,8.8,1,4,8.6,69.0,1,1
STU0635,Male,24,85.1,8.56,63.9,66.0,1,4.7,1,2,7.0,69.3,1,1
STU0636,Male,26,58.9,7.88,46.2,29.8,0,12.6,0,2,7.7,79.2,1,1
STU0637,Male,26,51.7,6.81,53.0,36.2,0,5.6,1,2,9.3,46.1,1,1
STU0638,Male,26,87.3,7.87,56.1,51.2,1,6.0,1,2,5.9,50.4,1,1
STU0639,Male,19,80.6,5.94,32.5,68.5,0,9.0,1,2,5.4,94.1,1,1
STU0640,Male,20,61.5,8.28,43.3,59.0,4,9.5,0,0,8.2,57.3,1,0
STU0641,Male,24,62.0,9.47,75.3,54.5,0,9.3,0,4,7.5,63.6,1,0
STU0642,Male,22,91.9,8.61,68.3,51.4,1,18.1,0,2,6.1,58.8,1,0
STU0643,Male,19,57.2,5.91,54.1,57.2,0,12.0,0,2,9.3,45.2,1,0
STU0644,Male,20,99.6,7.54,58.6,53.6,2,13.9,1,1,6.1,89.2,1,1
STU0645,Male,23,61.5,5.06,50.6,31.5,0,20.4,0,0,6.6,50.5,1,0
STU0646,Female,24,84.6,7.86,75.3,50.8,1,10.4,0,1,6.5,39.7,1,1
STU0647,Female,26,70.1,7.68,52.0,30.7,2,13.4,1,3,4.6,51.9,1,1
STU0648,Female,18,84.0,4.2,58.5,51.5,0,17.2,1,0,6.7,24.0,1,0
STU0649,Female,24,66.8,5.26,72.2,41.3,0,3.4,1,4,9.3,48.3,1,1
STU0650,Male,25,72.6,6.58,43.3,95.7,1,1.0,1,1,7.4,42.6,1,1
STU0651,Male,20,75.6,6.55,78.4,49.3,1,17.1,0,1,6.6,71.1,1,0
STU0652,Male,21,60.0,5.19,32.0,24.7,4,18.0,0,1,6.2,47.9,0,0
STU0653,Female,23,86.1,7.58,79.4,47.6,0,27.4,0,0,7.2,76.0,1,1
STU0654,Female,24,67.3,7.38,49.4,59.3,0,15.9,1,3,8.0,85.2,1,1
STU0655,Male,21,71.6,6.71,51.4,80.1,5,19.9,1,4,7.7,74.1,1,1
STU0656,Male,25,60.1,5.87,26.6,39.4,3,13.8,0,3,5.8,56.1,0,0
STU0657,Male,22,36.6,8.57,48.2,21.5,5,16.8,1,1,7.1,62.5,0,0
STU0658,Male,18,72.1,9.48,39.4,64.7,4,25.0,0,1,7.5,32.6,1,0
STU0659,Female,21,100.0,6.27,45.9,25.1,0,2.3,1,2,4.5,57.6,1,0
STU0660,Female,20,86.8,6.08,52.9,42.1,0,17.5,0,5,6.8,44.5,1,1
STU0661,Male,26,74.7,7.74,69.4,45.4,0,27.8,0,1,2.2,72.5,1,1
STU0662,Female,25,71.1,6.46,58.1,48.7,0,16.7,1,3,7.5,100.0,1,1
STU0663,Female,18,75.3,6.79,59.6,62.4,0,24.9,1,2,7.8,69.0,1,1
STU0664,Male,23,83.2,8.11,38.6,37.7,0,11.2,1,1,8.0,24.2,1,1
STU0665,Male,26,57.3,4.14,41.8,45.1,2,14.8,0,2,5.7,53.5,0,0
STU0666,Male,24,91.7,8.98,82.0,49.7,0,15.2,0,0,7.1,62.2,1,1
STU0667,Male,21,85.7,7.11,44.0,52.7,0,1.7,0,3,9.3,61.6,1,1
STU0668,Male,18,85.8,6.38,79.8,51.8,0,8.0,1,1,9.3,46.8,1,1
STU0669,Male,19,81.6,6.87,51.4,57.8,3,8.4,1,3,6.4,64.4,0,1
STU0670,Male,22,75.3,6.94,55.0,65.2,1,19.9,0,0,6.8,37.6,1,0
STU0671,Male,22,85.1,4.4,71.1,57.1,3,20.2,0,5,8.7,43.0,0,1
STU0672,Female,25,83.9,9.24,74.1,58.2,0,16.9,1,1,3.5,71.6,1,0
STU0673,Male,23,69.7,7.06,53.3,21.5,2,19.9,0,4,5.9,41.7,1,0
STU0674,Male,25,66.4,7.66,49.2,50.9,3,14.0,1,4,9.2,69.7,1,1
STU0675,Male,19,76.5,8.43,54.2,58.6,1,22.2,0,5,8.5,35.3,1,1
STU0676,Female,20,98.2,5.47,60.1,63.1,2,15.1,1,2,7.2,91.8,1,1
STU0677,Male,23,56.4,7.71,68.4,37.5,0,15.3,1,3,3.5,46.1,1,1
STU0678,Male,20,53.0,6.6,55.1,38.1,3,13.4,1,2,6.4,56.0,0,1
STU0679,Female,23,77.5,8.27,64.3,39.7,1,19.1,1,1,5.3,66.0,1,1
STU0680,Female,23,75.8,3.81,79.6,59.7,2,12.5,0,2,7.2,49.8,0,0
STU0681,Female,19,77.6,6.85,60.7,68.6,0,20.9,1,1,4.9,62.6,1,1
STU0682,Male,24,78.7,6.1,59.7,42.7,1,8.2,1,5,4.4,70.4,0,1
STU0683,Male,19,71.7,7.65,32.2,66.3,0,8.4,0,0,2.4,77.3,1,0
STU0684,Female,23,97.3,7.71,15.5,52.2,3,19.1,0,2,8.9,74.2,1,0
STU0685,Female,18,51.0,5.94,60.8,47.8,0,14.5,0,3,5.7,56.9,1,0
STU0686,Female,20,62.6,5.93,53.6,46.2,0,12.3,1,2,6.8,57.4,1,1
STU0687,Female,19,73.5,6.83,47.3,63.4,0,20.3,0,3,6.5,100.0,1,1
STU0688,Male,24,50.4,5.66,58.7,55.9,1,11.4,1,1,4.4,77.1,0,1
STU0689,Female,21,72.4,8.26,54.1,91.0,0,13.8,0,2,4.0,43.4,1,0
STU0690,Male,25,99.9,6.45,71.9,34.7,4,23.4,1,1,4.5,61.8,0,0
STU0691,Male,23,75.3,2.64,56.3,59.3,1,24.2,0,4,5.1,54.0,0,0
STU0692,Male,21,78.5,6.44,43.8,40.5,1,24.4,0,3,7.2,57.6,1,0
STU0693,Male,22,56.1,5.44,69.9,34.4,0,13.3,1,5,4.9,37.9,1,1
STU0694,Male,26,65.8,4.55,51.7,49.8,5,22.4,1,0,10.0,52.6,0,0
STU0695,Male,24,69.4,5.14,62.9,52.5,5,9.3,0,1,8.6,92.6,0,0
STU0696,Female,26,70.2,7.16,47.8,100.0,0,9.6,0,1,8.1,70.4,1,1
STU0697,Male,24,94.2,8.99,45.3,46.7,0,1.0,0,0,6.3,15.2,1,1
STU0698,Female,18,83.4,7.47,56.3,29.7,2,25.0,1,1,9.5,81.9,1,1
STU0699,Male,25,58.3,6.09,55.2,54.9,1,9.8,1,3,6.1,79.6,1,1
STU0700,Male,21,78.7,7.68,62.2,12.7,5,14.2,1,1,6.4,53.5,0,0
STU0701,Male,20,,6.31,51.0,48.3,0,9.5,1,2,6.8,72.9,1,1
STU0702,Male,24,92.1,5.96,,50.3,0,19.2,1,4,7.9,44.5,1,1
STU0703,Male,20,98.7,5.27,48.5,64.3,3,12.7,0,3,7.8,51.5,1,1
STU0704,Male,25,59.8,4.37,66.9,67.5,0,7.2,1,2,5.5,87.0,0,1
STU0705,Male,23,62.8,6.42,50.5,40.9,1,17.6,1,2,5.4,55.1,1,0
STU0706,Female,22,56.1,7.24,51.3,47.3,2,6.4,0,2,7.8,26.3,0,0
STU0707,Male,21,71.5,6.86,69.8,36.2,3,10.0,0,1,7.9,58.9,1,1
STU0708,Female,25,82.0,6.38,44.3,29.7,5,2.4,0,3,5.7,58.6,0,0
STU0709,Male,25,89.8,5.58,31.9,55.6,2,6.5,0,2,3.3,81.6,0,0
STU0710,Female,18,73.9,7.91,52.6,27.1,0,16.1,1,4,6.1,,1,1
STU0711,Female,26,70.2,5.02,47.7,42.5,0,3.2,1,3,7.7,52.4,1,0
STU0712,Female,22,77.3,8.16,40.5,32.1,5,6.1,1,3,10.0,78.8,0,1
STU0713,Male,21,62.5,5.5,52.4,59.9,0,15.0,1,2,4.1,62.2,1,1
STU0714,Male,23,100.0,5.87,62.4,82.4,5,11.7,1,1,5.6,46.5,1,0
STU0715,Male,23,50.9,4.8,54.9,26.6,4,27.0,1,3,5.7,80.8,0,0
STU0716,Female,19,77.8,6.25,59.6,16.6,0,26.0,0,2,9.2,63.5,1,0
STU0717,Female,25,100.0,8.46,82.2,47.8,0,9.8,0,1,6.4,60.1,1,1
STU0718,Female,24,75.1,7.77,49.9,50.3,5,18.3,1,1,4.7,63.2,0,0
STU0719,Male,18,72.1,8.47,59.2,53.9,4,19.5,0,1,7.6,40.7,1,0
STU0720,Female,22,69.6,7.78,47.4,42.0,5,11.4,0,3,5.7,50.5,0,0
STU0721,Female,23,72.3,5.34,42.3,46.4,0,6.0,1,1,4.1,60.1,1,1
STU0722,Male,21,95.6,6.5,46.2,56.6,3,14.9,1,2,4.7,56.5,0,1
STU0723,Male,19,41.8,5.83,47.8,68.7,0,14.0,0,2,10.0,82.9,1,0
STU0724,Female,21,98.0,9.0,60.4,14.8,0,12.4,1,2,7.3,63.9,1,1
STU0725,Female,18,53.6,5.2,90.2,43.4,0,17.7,1,4,6.7,75.4,1,1
STU0726,Female,24,71.0,8.34,44.3,53.8,0,10.5,0,4,6.0,60.2,1,1
STU0727,Male,19,68.6,8.34,48.8,33.5,0,8.1,0,2,7.1,79.0,1,0
STU0728,Female,19,83.8,9.74,54.1,81.2,3,15.7,1,0,7.1,67.2,1,0
STU0729,Male,26,51.0,6.39,60.9,38.6,4,17.3,0,2,7.1,60.2,0,0
STU0730,Male,22,81.9,8.07,59.0,49.3,0,7.9,0,3,6.7,59.8,1,1
STU0731,Male,19,100.0,10.0,74.3,60.0,2,20.6,1,2,8.2,42.8,1,1
STU0732,Female,26,54.6,6.07,18.6,39.4,1,4.4,1,3,6.5,69.1,0,1
STU0733,Female,26,77.8,4.7,19.2,16.8,0,11.5,0,1,4.5,59.3,0,0
STU0734,Male,18,65.1,4.18,47.6,42.3,4,13.5,0,3,5.3,51.0,0,0
STU0735,Male,20,81.4,8.07,71.5,68.5,1,11.2,0,1,2.5,79.9,1,0
STU0736,Female,21,75.3,4.18,31.5,43.9,0,11.6,1,3,10.0,37.5,1,1
STU0737,Male,24,65.4,6.44,10.0,34.8,1,26.2,0,2,8.2,52.4,1,1
STU0738,Female,21,82.3,7.66,63.6,66.7,2,9.9,1,3,4.8,78.5,1,1
STU0739,Male,19,100.0,7.28,58.7,44.0,0,29.6,1,0,5.9,65.7,1,0
STU0740,Male,24,72.1,7.64,38.6,40.8,3,17.6,0,2,5.2,59.1,1,0
STU0741,Male,23,85.8,7.33,40.2,52.7,5,15.6,1,3,9.6,64.5,0,1
STU0742,Male,20,55.6,8.92,40.5,63.9,1,17.9,1,1,3.7,63.2,1,1
STU0743,Female,23,60.7,5.57,56.7,92.9,4,30.2,1,3,6.7,32.7,0,1
STU0744,Male,23,82.1,5.98,45.6,64.9,4,9.0,0,3,6.3,53.7,1,0
STU0745,Male,22,97.3,5.84,62.4,70.9,4,8.3,1,2,8.2,89.1,1,1
STU0746,Female,21,80.3,8.25,12.2,40.9,0,10.5,1,2,6.3,48.1,1,1
STU0747,Male,18,,8.35,42.1,31.5,0,15.2,1,2,3.0,54.3,1,1
STU0748,Male,23,75.0,7.68,38.1,51.1,0,4.6,0,2,6.0,50.3,1,0
STU0749,Female,19,56.2,8.78,51.2,51.9,0,15.1,1,2,4.6,58.4,1,1
STU0750,Female,20,84.1,5.23,46.9,30.6,5,25.2,0,3,6.7,49.5,0,0
STU0751,Male,25,88.2,9.5,67.0,46.8,4,15.9,0,2,9.4,68.8,1,0
STU0752,Female,23,68.2,9.28,27.1,57.2,5,13.2,0,1,3.0,63.6,0,1
STU0753,Female,20,67.9,8.1,,56.5,1,11.3,1,1,4.9,73.9,1,1
STU0754,Male,24,79.0,9.67,63.4,59.1,0,20.4,1,0,5.4,41.1,1,1
STU0755,Male,21,68.4,4.52,82.8,55.2,4,10.0,1,2,5.7,53.9,1,1
STU0756,Female,26,74.0,6.21,47.8,40.9,1,26.1,1,3,8.0,55.9,0,1
STU0757,Female,22,100.0,5.9,59.9,40.7,0,26.6,0,3,6.2,68.2,1,1
STU0758,Male,20,71.3,8.08,,28.4,0,16.5,1,1,7.3,45.7,1,1
STU0759,Female,19,69.6,5.42,19.1,82.1,0,14.9,0,5,5.2,76.5,0,1
STU0760,Female,19,65.3,8.14,67.7,50.2,2,21.2,0,2,7.0,81.4,1,0
STU0761,Male,20,86.2,9.06,54.9,46.0,0,21.6,1,4,8.1,42.2,1,1
STU0762,Male,19,72.3,8.04,72.7,33.3,0,10.2,1,3,5.0,51.2,1,1
STU0763,Male,21,65.3,7.43,34.4,100.0,5,11.8,1,3,8.1,50.4,1,1
STU0764,Female,19,94.8,5.52,62.8,30.7,3,7.1,1,0,6.6,100.0,1,1
STU0765,Male,26,96.3,5.73,83.0,42.3,0,17.5,0,1,8.6,52.3,1,0
STU0766,Female,19,66.0,8.87,61.3,57.5,3,19.0,0,0,6.1,90.2,1,0
STU0767,Female,26,47.0,8.17,59.1,60.8,0,6.9,1,3,7.3,37.2,1,0
STU0768,Female,23,90.1,6.94,55.1,67.2,1,12.3,0,2,6.4,42.2,1,1
STU0769,Male,18,64.7,6.37,31.4,82.5,4,6.9,0,3,6.3,47.6,0,0
STU0770,Female,21,86.9,3.96,75.3,59.1,0,9.6,1,2,7.0,44.8,0,1
STU0771,Male,18,45.4,5.39,45.8,31.0,0,18.3,0,4,7.6,55.2,1,1
STU0772,Female,23,88.4,9.87,62.6,45.4,1,10.6,0,1,4.0,47.2,1,0
STU0773,Male,21,56.8,5.08,31.6,55.5,5,13.2,1,1,9.4,45.3,0,0
STU0774,Male,20,86.0,7.28,37.3,87.2,3,5.2,1,2,2.8,80.9,1,1
STU0775,Female,20,,8.51,76.5,24.8,0,16.1,1,2,5.1,82.0,1,1
STU0776,Male,26,60.7,5.12,49.8,71.6,1,14.7,1,2,,77.1,1,1
STU0777,Male,23,68.9,7.28,76.8,53.2,2,10.6,0,3,7.3,69.4,1,1
STU0778,Female,26,85.3,8.41,53.8,65.1,0,13.9,1,0,9.7,61.7,1,1
STU0779,Female,22,76.6,7.02,27.4,48.2,2,16.1,1,2,2.8,51.1,0,1
STU0780,Female,19,83.8,10.0,68.4,34.8,3,10.1,0,4,5.5,42.8,1,1
STU0781,Female,25,100.0,4.5,46.2,63.5,3,6.1,0,0,2.2,66.5,0,0
STU0782,Male,22,51.5,8.59,65.5,61.8,4,25.8,1,4,6.6,38.9,1,1
STU0783,Male,19,99.3,6.74,55.4,67.5,1,11.2,1,5,7.0,42.1,1,1
STU0784,Male,21,76.6,8.16,31.9,49.8,1,14.4,1,0,9.7,80.8,1,1
STU0785,Male,26,61.5,7.66,57.5,39.2,0,21.1,1,1,6.7,94.2,1,1
STU0786,Female,21,55.0,5.9,87.9,21.9,0,36.2,1,2,8.6,,1,0
STU0787,Female,21,72.2,7.34,62.4,64.7,0,7.5,1,3,7.7,79.9,1,1
STU0788,Male,19,88.8,4.21,54.1,57.6,0,17.7,1,2,5.6,55.6,1,1
STU0789,Male,23,73.1,7.9,71.1,32.6,3,10.8,0,3,3.7,35.9,1,0
STU0790,Female,19,97.7,7.45,58.2,40.3,0,11.8,1,3,7.1,71.0,1,1
STU0791,Male,24,53.2,7.96,58.1,41.6,5,10.7,0,1,3.5,70.2,0,0
STU0792,Female,20,,8.59,38.6,23.3,0,8.2,1,4,,61.3,1,1
STU0793,Male,20,,7.55,58.5,35.3,0,14.8,1,3,6.2,55.6,0,1
STU0794,Female,22,,7.22,70.5,29.6,0,6.2,1,2,8.9,77.3,1,1
STU0795,Male,20,88.3,5.68,42.5,42.6,0,20.7,1,4,5.5,42.3,1,1
STU0796,Female,19,68.7,5.93,76.4,36.7,1,15.3,1,3,7.0,46.1,1,1
STU0797,Female,26,35.9,8.78,53.6,20.7,1,17.5,0,1,6.9,41.9,1,1
STU0798,Female,19,78.0,9.15,41.7,86.4,4,12.2,0,2,6.4,61.5,1,0
STU0799,Female,19,81.6,6.64,70.0,72.5,4,12.8,1,2,5.6,40.4,1,0
STU0800,Female,25,81.1,7.07,50.7,36.0,4,16.7,1,0,7.3,47.7,1,0
STU0801,Female,26,93.5,5.64,66.4,54.9,0,8.0,1,5,4.6,47.3,1,1
STU0802,Male,24,58.9,8.76,50.6,57.5,4,12.9,0,1,4.1,55.3,0,0
STU0803,Female,20,85.2,8.0,54.1,71.4,3,9.8,1,3,9.0,33.2,1,1
STU0804,Female,26,92.9,9.91,62.4,35.3,0,9.7,1,2,8.0,61.6,1,1
STU0805,Male,20,,5.68,59.4,69.7,0,2.3,1,0,6.6,82.5,0,1
STU0806,Female,22,79.8,6.43,25.1,40.1,0,23.0,1,4,9.8,62.4,1,1
STU0807,Female,26,67.4,7.35,38.2,26.0,1,10.9,1,4,6.0,87.7,1,1
STU0808,Female,20,73.8,7.97,68.9,63.0,4,22.0,1,2,9.1,84.0,1,1
STU0809,Male,24,80.2,6.68,53.0,73.2,2,21.4,0,1,6.9,74.0,1,0
STU0810,Male,18,67.7,5.69,47.1,96.6,1,7.3,1,1,4.5,61.3,1,0
STU0811,Female,21,64.9,8.32,34.6,28.4,0,8.5,0,2,,60.4,1,1
STU0812,Female,21,75.5,8.08,38.8,62.6,0,30.4,1,1,8.5,73.7,1,1
STU0813,Male,24,58.7,5.63,24.7,42.6,0,25.5,0,2,6.3,52.9,1,0
STU0814,Female,25,58.7,9.03,53.5,64.1,0,14.8,0,5,8.0,26.1,1,1
STU0815,Female,18,85.2,8.76,46.0,23.5,0,16.5,1,2,5.7,68.9,1,1
STU0816,Male,22,57.8,7.2,40.5,27.3,1,11.2,0,4,8.2,39.6,1,1
STU0817,Female,24,85.0,7.12,54.0,36.0,3,17.6,1,3,1.7,42.7,1,0
STU0818,Male,21,81.9,7.83,,51.4,0,10.7,1,2,4.5,60.0,1,1
STU0819,Male,21,49.1,5.71,86.4,38.5,5,2.8,1,4,8.5,58.3,0,1
STU0820,Male,21,64.8,7.05,32.3,61.9,4,7.1,1,2,6.0,34.6,0,1
STU0821,Female,23,92.9,3.77,72.4,68.5,5,15.1,0,4,6.9,63.0,0,0
STU0822,Male,24,60.3,8.31,69.6,60.8,1,8.2,1,1,3.8,77.4,1,1
STU0823,Male,19,68.0,4.66,43.3,79.1,2,14.6,0,1,10.0,39.7,0,0
STU0824,Male,22,81.9,9.26,58.0,57.5,3,8.6,0,4,8.9,82.9,1,1
STU0825,Male,21,86.8,6.5,48.1,28.1,0,10.3,1,2,6.1,31.9,1,1
STU0826,Female,20,71.2,6.68,57.8,74.5,0,20.1,0,4,5.7,98.1,1,1
STU0827,Male,24,66.0,6.06,77.6,39.1,0,16.5,1,4,8.6,52.6,1,1
STU0828,Male,23,96.3,6.57,64.1,66.4,1,14.9,1,0,10.0,62.6,0,1
STU0829,Female,24,100.0,9.13,62.6,78.3,0,20.3,1,2,8.4,25.9,1,1
STU0830,Male,22,89.7,3.27,48.5,58.2,0,17.9,1,2,10.0,58.9,0,1
STU0831,Male,23,76.3,8.92,32.7,23.1,4,23.7,0,3,4.7,64.1,0,0
STU0832,Male,22,62.9,7.51,51.9,33.5,2,12.2,1,3,4.9,58.4,1,1
STU0833,Male,24,62.5,5.19,73.1,73.8,1,12.4,1,1,4.1,49.9,1,0
STU0834,Male,19,82.8,5.39,32.1,47.0,4,7.2,1,2,7.4,43.0,0,1
STU0835,Male,22,81.3,9.51,39.2,51.4,2,12.4,0,3,6.9,80.3,1,1
STU0836,Male,23,96.0,5.58,56.9,63.7,1,20.8,1,1,6.2,60.6,1,1
STU0837,Female,23,84.8,5.27,40.2,62.5,4,22.8,0,4,8.1,87.7,0,0
STU0838,Male,22,52.5,8.71,43.1,55.0,1,20.8,0,3,9.0,50.5,1,0
STU0839,Female,24,90.8,7.51,48.6,46.2,1,4.2,1,4,3.4,52.2,1,1
STU0840,Female,25,60.0,5.59,34.5,44.4,0,21.5,1,2,5.3,74.7,0,1
STU0841,Male,24,69.2,7.32,40.4,65.4,0,4.0,1,1,8.1,30.8,1,1
STU0842,Female,22,78.8,5.46,65.6,60.0,1,20.4,1,2,5.6,38.2,1,0
STU0843,Male,18,100.0,8.65,35.4,45.4,4,12.8,1,0,4.9,79.8,1,1
STU0844,Female,22,100.0,8.59,31.0,69.5,3,19.2,0,5,8.5,38.9,1,1
STU0845,Male,19,84.1,7.8,45.5,47.7,3,7.0,0,0,3.9,27.3,1,0
STU0846,Male,22,72.3,7.54,66.0,34.7,1,22.0,0,3,5.9,93.6,1,0
STU0847,Male,22,83.0,9.64,52.0,36.3,4,6.2,1,2,7.2,34.9,1,1
STU0848,Female,19,88.3,7.0,48.0,32.4,0,11.0,0,2,5.4,63.3,1,0
STU0849,Male,22,70.2,5.23,55.7,45.1,0,9.0,0,0,8.1,61.2,1,0
STU0850,Female,21,100.0,7.67,28.8,72.2,0,4.5,1,3,5.4,10.0,1,1
STU0851,Male,18,78.5,10.0,62.4,35.5,4,15.6,0,2,9.3,55.2,1,0
STU0852,Female,20,82.5,5.48,60.8,53.4,1,25.8,0,1,6.2,68.1,1,0
STU0853,Male,18,85.0,6.46,48.9,38.2,0,31.0,1,4,7.8,66.4,1,1
STU0854,Female,22,81.3,7.62,70.1,45.3,3,15.6,0,2,8.0,76.3,0,1
STU0855,Male,21,87.6,6.92,38.1,22.8,4,21.7,0,2,5.2,53.0,1,0
STU0856,Male,24,65.7,5.53,71.9,46.0,4,16.4,0,2,2.4,72.8,0,0
STU0857,Male,22,66.6,8.68,57.3,46.5,0,18.0,1,1,7.2,47.6,1,1
STU0858,Male,21,58.5,10.0,50.0,59.7,0,12.9,1,4,6.6,34.6,1,1
STU0859,Female,19,81.6,7.29,54.7,54.0,2,16.2,0,2,7.6,36.6,1,1
STU0860,Male,21,86.7,5.64,,28.4,0,18.2,1,0,6.0,33.7,1,1
STU0861,Female,19,81.9,4.68,73.3,69.5,0,11.5,0,2,5.6,78.2,1,0
STU0862,Male,25,100.0,7.39,38.8,53.8,3,14.5,1,3,10.0,32.7,1,1
STU0863,Male,20,74.9,8.66,43.6,53.6,0,14.6,0,2,3.6,64.9,1,1
STU0864,Male,26,85.0,7.71,70.5,49.8,0,20.0,1,3,8.0,55.2,1,1
STU0865,Male,21,58.6,7.0,46.1,40.7,1,8.6,1,0,5.4,58.2,1,0
STU0866,Female,23,69.2,6.12,68.5,53.9,0,14.7,1,1,5.8,84.5,1,0
STU0867,Male,22,85.4,5.36,80.5,58.6,2,26.5,0,4,5.9,52.1,1,0
STU0868,Male,18,87.7,8.25,49.0,18.6,2,22.0,0,0,4.9,71.0,1,0
STU0869,Female,26,70.6,8.37,65.2,40.3,0,23.1,1,4,7.6,60.7,1,1
STU0870,Female,18,73.9,4.68,37.7,45.4,2,15.1,0,0,9.3,57.3,1,0
STU0871,Male,25,52.2,9.38,66.3,54.6,1,16.9,1,4,7.4,100.0,1,1
STU0872,Male,26,69.6,7.86,58.0,71.5,5,21.0,1,2,,34.1,0,0
STU0873,Female,26,88.4,9.1,62.1,36.1,4,24.4,1,3,4.5,83.2,1,1
STU0874,Male,18,83.6,4.99,45.3,41.0,4,3.3,0,1,7.5,71.8,0,0
STU0875,Male,19,82.5,4.95,30.1,40.8,0,7.1,1,0,10.0,51.4,1,0
STU0876,Male,18,75.7,6.78,62.5,35.6,2,22.9,1,1,5.7,89.3,1,1
STU0877,Female,19,75.1,7.75,24.0,43.8,1,13.3,1,1,5.7,26.7,1,0
STU0878,Female,25,65.1,9.69,50.2,63.9,1,11.0,0,2,5.4,50.6,1,1
STU0879,Male,22,85.5,8.06,69.1,31.0,0,7.5,0,2,5.5,38.2,1,1
STU0880,Male,24,81.3,6.64,57.9,57.7,2,11.7,0,2,1.0,67.4,1,0
STU0881,Male,19,82.4,5.46,84.2,19.4,1,6.6,0,3,7.3,40.0,1,1
STU0882,Female,25,67.1,8.85,70.4,39.9,0,27.5,1,3,4.8,67.8,1,1
STU0883,Male,23,42.7,5.55,45.2,44.1,0,14.9,1,3,3.3,56.6,0,1
STU0884,Male,25,91.5,9.44,55.4,80.1,4,14.7,0,2,8.0,51.4,1,1
STU0885,Female,18,67.8,6.57,54.3,45.1,0,18.5,1,2,4.3,67.0,1,0
STU0886,Male,18,62.1,9.39,31.3,10.4,0,20.8,0,2,5.8,55.2,1,0
STU0887,Female,24,85.4,8.02,40.9,14.0,3,20.7,0,4,9.4,40.4,1,1
STU0888,Male,25,69.1,6.79,46.6,50.6,0,21.4,0,1,3.7,100.0,1,0
STU0889,Male,20,90.9,6.22,24.5,61.0,1,11.2,0,0,3.4,51.2,1,0
STU0890,Male,22,84.3,6.49,55.7,56.8,1,13.2,1,3,7.0,20.1,1,1
STU0891,Female,18,85.3,7.64,51.3,53.0,3,19.6,0,1,,44.8,1,0
STU0892,Female,24,54.5,7.12,29.9,70.9,0,11.8,1,4,3.4,37.2,1,1
STU0893,Female,22,93.2,6.11,61.1,40.3,0,15.0,1,4,7.3,74.9,1,1
STU0894,Male,25,78.9,6.75,65.7,66.1,0,17.4,1,0,7.7,65.8,1,1
STU0895,Female,25,69.5,7.12,58.4,20.6,1,19.7,0,1,2.4,67.2,1,0
STU0896,Male,26,77.2,3.81,50.1,33.7,4,4.3,0,2,8.1,53.3,0,0
STU0897,Male,24,48.4,7.69,63.9,17.5,2,19.3,0,3,8.3,55.0,1,0
STU0898,Female,18,81.1,5.53,65.2,45.1,2,13.6,0,1,5.9,53.3,0,1
STU0899,Male,20,59.6,5.27,59.6,49.2,3,19.2,0,3,9.0,58.5,1,0
STU0900,Male,25,54.7,4.47,42.6,52.1,1,19.7,1,2,8.8,75.0,1,1
STU0901,Male,20,52.2,4.31,59.1,51.1,1,24.6,1,2,6.7,66.0,0,1
STU0902,Male,25,91.7,4.97,72.9,33.3,0,23.1,1,0,5.6,69.0,1,0
STU0903,Male,18,65.6,5.94,46.1,46.6,4,23.1,1,3,4.6,69.0,0,1
STU0904,Female,22,98.0,9.93,86.5,23.0,1,23.7,0,1,6.4,75.9,1,1
STU0905,Male,21,67.0,6.21,47.1,74.5,4,16.7,0,4,7.6,65.2,0,1
STU0906,Female,22,49.4,7.27,55.5,44.5,0,15.2,1,2,5.9,66.5,1,1
STU0907,Female,25,58.3,7.6,44.9,41.2,1,20.2,1,2,2.1,81.4,0,1
STU0908,Male,21,93.5,7.2,58.3,78.6,0,19.4,1,4,9.0,48.0,1,1
STU0909,Male,21,72.7,6.88,28.9,27.6,5,13.1,1,4,6.9,44.6,0,1
STU0910,Male,20,66.8,5.21,46.8,29.7,1,17.4,0,2,5.7,38.7,1,0
STU0911,Female,24,77.4,9.18,38.6,30.3,3,14.8,0,1,8.2,63.3,1,1
STU0912,Male,20,82.5,9.71,57.0,48.8,0,9.9,0,3,9.5,26.6,1,1
STU0913,Female,20,91.8,4.48,69.9,57.8,3,22.7,0,2,1.0,68.3,0,0
STU0914,Male,22,96.7,5.46,64.7,63.3,0,15.3,0,1,7.4,58.0,1,1
STU0915,Female,22,69.6,6.58,19.4,96.3,5,27.3,1,4,3.6,80.4,0,0
STU0916,Male,23,55.1,5.55,85.6,9.5,5,5.2,1,1,7.5,47.9,0,1
STU0917,Male,25,68.8,7.76,59.4,61.0,0,11.7,1,0,6.8,56.3,1,1
STU0918,Female,23,78.9,5.91,43.4,40.0,1,15.2,1,0,7.8,80.2,1,1
STU0919,Female,18,60.5,10.0,57.4,39.4,0,21.8,1,3,5.5,84.9,1,1
STU0920,Male,25,60.6,8.79,57.6,38.8,2,17.4,0,3,2.8,47.8,1,1
STU0921,Female,25,80.2,7.32,45.0,33.6,3,16.9,0,2,5.6,63.3,1,0
STU0922,Male,26,74.3,8.54,58.0,80.3,0,8.2,1,2,7.3,65.3,1,1
STU0923,Female,26,75.5,8.66,45.9,65.2,0,8.1,0,2,8.5,66.7,1,1
STU0924,Female,19,63.6,6.15,48.9,50.4,2,16.9,0,3,4.2,55.3,1,0
STU0925,Male,19,71.5,5.78,44.7,74.3,0,6.8,0,0,8.6,83.1,1,1
STU0926,Male,20,61.1,7.12,33.5,22.8,0,11.8,0,4,5.2,26.0,1,0
STU0927,Male,18,88.4,8.29,57.2,26.0,3,18.0,1,1,7.2,52.4,1,1
STU0928,Male,21,90.5,7.21,63.8,10.8,0,9.1,0,5,5.5,68.1,1,1
STU0929,Female,21,47.3,4.63,62.7,37.4,2,24.6,1,1,6.9,68.2,0,0
STU0930,Male,26,61.1,5.8,67.3,52.9,0,22.3,1,3,8.3,84.3,1,1
STU0931,Male,26,52.6,6.89,59.9,51.9,0,5.6,0,1,4.0,,1,0
STU0932,Female,26,65.2,6.89,47.0,52.7,1,9.4,0,0,5.1,54.9,0,0
STU0933,Female,24,73.7,9.96,67.6,24.6,3,1.3,0,4,6.9,83.4,1,1
STU0934,Male,19,53.3,4.92,34.6,64.5,0,10.3,0,4,10.0,47.1,0,0
STU0935,Male,22,61.2,7.76,41.5,54.3,5,19.6,1,2,4.8,76.8,1,1
STU0936,Male,21,59.9,9.23,40.5,63.2,4,12.5,1,3,10.0,92.6,1,1
STU0937,Male,25,78.1,10.0,71.2,15.9,0,17.8,1,2,,81.9,1,1
STU0938,Female,19,76.0,6.39,69.1,55.6,0,5.9,0,4,6.3,61.9,1,1
STU0939,Male,23,64.2,7.74,62.3,28.6,0,19.8,1,2,5.9,54.0,1,1
STU0940,Female,22,77.7,7.85,71.1,42.8,0,11.7,1,2,5.1,32.5,1,1
STU0941,Male,19,66.8,7.29,41.8,59.6,4,15.1,1,2,6.4,65.6,1,1
STU0942,Female,18,70.9,6.85,60.2,51.6,0,14.4,1,2,3.7,39.9,1,1
STU0943,Female,25,100.0,7.65,53.1,34.7,5,7.4,1,4,6.3,45.7,1,1
STU0944,Female,19,95.1,3.2,67.7,50.1,0,8.1,1,1,9.5,38.6,1,1
STU0945,Male,24,55.5,8.02,53.3,22.4,0,20.8,1,1,5.3,51.7,1,1
STU0946,Male,26,87.4,7.19,49.2,70.7,0,17.4,0,2,6.0,59.5,1,0
STU0947,Male,26,87.2,6.67,63.1,46.3,0,21.3,1,3,3.1,64.9,1,0
STU0948,Female,25,57.8,10.0,68.1,70.1,1,16.9,0,1,7.2,49.2,1,0
STU0949,Female,26,87.3,5.99,,40.5,1,15.9,0,2,7.0,79.2,1,0
STU0950,Female,19,98.1,6.4,54.1,40.6,2,4.6,1,4,6.6,56.3,0,1
STU0951,Female,23,58.2,9.99,39.1,36.2,3,13.4,1,1,6.1,45.8,1,1
STU0952,Female,21,61.2,5.75,,65.8,0,14.8,0,3,5.9,64.1,1,1
STU0953,Male,21,90.3,6.17,58.0,37.2,2,26.7,0,3,,95.3,1,1
STU0954,Female,22,79.1,6.78,64.1,61.6,0,19.1,0,2,6.4,66.0,1,0
STU0955,Male,20,83.3,8.26,58.9,43.1,0,24.2,1,4,7.1,53.5,1,1
STU0956,Male,18,80.1,7.31,25.8,14.4,1,18.6,1,3,6.9,32.5,1,1
STU0957,Male,25,80.9,5.06,49.7,39.7,0,10.7,1,2,8.7,56.1,1,1
STU0958,Male,22,55.1,6.2,21.7,28.8,0,15.7,1,2,7.9,64.2,1,1
STU0959,Male,20,90.7,6.09,75.5,50.6,4,16.4,0,3,6.9,53.0,1,1
STU0960,Female,24,92.5,6.88,38.7,28.6,1,9.4,1,2,9.5,30.0,1,1
STU0961,Male,24,71.6,7.64,73.8,66.7,2,12.7,0,4,7.3,44.7,0,1
STU0962,Female,18,74.3,7.63,69.2,48.4,1,13.8,1,2,9.1,86.2,1,1
STU0963,Male,26,52.0,4.34,41.5,46.8,5,24.6,1,1,7.7,85.8,0,1
STU0964,Male,19,82.7,8.6,38.0,61.8,1,2.5,1,1,2.8,44.0,1,1
STU0965,Male,22,83.6,7.38,60.3,67.4,2,22.2,0,0,9.1,72.1,1,1
STU0966,Male,22,74.1,9.08,42.3,49.6,1,9.4,0,0,6.8,38.8,1,1
STU0967,Female,25,91.9,7.67,56.5,36.1,5,6.8,0,4,6.4,85.3,0,0
STU0968,Male,25,70.0,8.65,47.8,18.1,0,22.1,1,3,7.1,64.4,1,1
STU0969,Female,24,83.5,7.7,28.3,37.7,0,19.4,1,3,5.8,77.1,1,1
STU0970,Male,24,59.7,9.02,21.5,38.9,0,22.5,0,3,7.0,29.1,1,0
STU0971,Female,23,74.6,7.78,58.4,51.9,0,19.8,1,4,5.3,72.2,1,1
STU0972,Female,23,72.4,6.85,,43.8,0,27.4,1,2,9.0,59.9,1,1
STU0973,Female,26,,10.0,46.7,62.4,3,18.4,0,4,6.3,75.3,1,1
STU0974,Male,23,69.5,8.33,65.4,39.0,1,14.1,1,2,5.7,76.5,1,1
STU0975,Male,19,73.0,7.86,72.6,49.0,0,17.1,1,4,4.7,61.2,1,1
STU0976,Male,19,87.4,5.09,50.9,71.3,3,22.5,1,3,7.0,49.2,0,0
STU0977,Female,22,68.4,5.07,49.9,56.2,1,10.3,0,1,6.9,74.0,0,0
STU0978,Male,21,50.9,7.44,62.5,48.9,2,11.1,0,2,7.3,58.9,1,0
STU0979,Male,19,100.0,7.22,34.6,39.2,0,13.1,0,2,4.4,44.3,1,0
STU0980,Female,20,95.7,6.08,58.3,38.6,2,2.4,0,1,3.3,43.4,1,0
STU0981,Male,24,55.6,7.21,63.3,34.7,0,15.8,0,2,7.8,33.4,0,0
STU0982,Female,25,85.3,9.38,65.2,40.3,3,3.7,1,2,9.5,50.8,1,1
STU0983,Male,23,67.5,8.04,25.9,63.6,1,15.3,1,0,4.4,79.8,1,1
STU0984,Male,22,79.0,5.29,,46.0,0,20.2,1,4,9.7,63.2,1,1
STU0985,Female,18,79.4,6.83,41.8,25.7,3,12.1,0,3,7.1,50.5,0,1
STU0986,Male,25,71.5,5.79,56.5,81.8,4,25.1,1,4,6.5,74.5,0,1
STU0987,Female,20,63.2,6.42,62.2,55.8,5,6.2,1,3,5.7,45.0,0,1
STU0988,Male,23,64.6,6.38,77.5,24.7,0,22.1,1,2,3.7,61.7,1,1
STU0989,Male,20,61.3,6.28,47.6,42.0,1,19.1,1,2,8.5,56.8,1,1
STU0990,Female,24,62.5,5.12,47.5,52.0,1,4.7,1,3,4.9,74.0,0,0
STU0991,Female,24,74.0,6.81,72.2,80.7,1,31.3,1,5,4.9,31.6,1,1
STU0992,Female,26,64.3,6.16,59.4,30.1,5,14.6,0,1,8.5,44.7,0,1
STU0993,Male,22,85.2,2.61,74.0,67.6,0,9.7,1,4,2.7,30.5,1,0
STU0994,Female,25,97.3,10.0,59.3,75.2,3,6.6,0,4,3.5,55.3,0,1
STU0995,Male,25,66.3,8.63,37.6,38.7,3,13.7,0,3,6.5,81.8,0,1
STU0996,Male,18,78.6,6.44,35.0,45.0,1,14.2,0,4,7.1,50.9,1,0
STU0997,Female,22,82.5,7.03,31.7,31.3,3,15.6,0,2,7.5,50.8,0,0
STU0998,Male,20,82.1,5.24,64.9,46.3,5,13.2,0,5,5.9,75.7,1,0
STU0999,Female,18,76.1,9.54,72.8,49.3,3,18.8,0,3,10.0,79.2,1,1
STU1000,Male,21,86.1,9.85,82.7,61.9,0,12.7,0,0,6.0,58.4,1,1
STU0522,Male,19,87.9,7.43,38.1,47.4,3,23.7,1,3,8.9,,1,1
STU0738,Female,21,82.3,7.66,63.6,66.7,2,9.9,1,3,4.8,78.5,1,1
STU0741,Male,23,85.8,7.33,40.2,52.7,5,15.6,1,3,9.6,64.5,0,1
STU0661,Male,26,74.7,7.74,69.4,45.4,0,27.8,0,1,2.2,72.5,1,1
STU0412,Female,26,86.7,6.12,32.8,54.2,0,15.9,0,2,5.8,50.2,0,0
